0,12141.617,0.5796876374588605,-0.18330944920447204,0.11368179852259083,0.672040974663,-0.6291306025727041,0.08854619517957255
25,12142.048,0.7873587207311754,-0.14639635600518808,0.07156795417496628,0.672040974663,-0.6245722662824538,0.0675264520135906
50,12142.426,0.8942388585206034,-0.4658720710028136,0.071123513295941,0.672040974663,-0.6243631282701726,0.04860594924311934
75,12142.802,0.6277408899967861,-0.6920632819983715,-0.07629984432923255,0.672040974663,-0.6276679793074753,0.030177392663828215
100,12143.185,0.31075630896207046,-0.7901122199744215,-0.16988615749577501,0.672040974663,-0.6345725608784406,0.012240102981993524
125,12143.558,0.17355450752816226,-0.8677559670332222,-0.1510190693515423,0.672040974663,-0.6443259020182781,-0.003448979974108493
150,12143.942,0.22242455231516825,-0.9342116927204545,-0.09372914908590133,0.672040974663,-0.6573559681731104,-0.017578275207801586
175,12144.329,0.42901002871384275,-0.9211306634267137,-0.04080360700036256,0.672040974663,-0.6728484785105333,-0.028953763383920014
200,12144.705,0.6499351590038922,-0.8018785470820531,0.02646365516436009,0.672040974663,-0.689995912419328,-0.037070462712871455
225,12145.065,0.7914033819872666,-0.6102284169728501,0.07748209648173109,0.672040974663,-0.707380789480235,-0.04164126065368692
250,12145.445,0.8346756569120685,-0.4387738545264993,0.07184012543729165,0.672040974663,-0.7264029073720194,-0.0430055648266765
275,12145.818,0.8100211807127855,-0.37662087419005874,-9.599599048677049e-05,0.672040974663,-0.7448982431201498,-0.04082885792025209
300,12146.193,0.7541689003080698,-0.43644743982544726,-0.09661842087513163,0.672040974663,-0.7626692488305378,-0.03526047813459758
325,12146.576,0.6641394967544092,-0.5679035353423186,-0.16361280975620435,0.672040974663,-0.7794746068572634,-0.026244811960711892
350,12146.95,0.5583173657064717,-0.7314776140639997,-0.17324670500015285,0.672040974663,-0.7940132962285285,-0.014448191709946781
375,12147.342,0.48990657740113774,-0.8620868730713798,-0.12028836097375258,0.672040974663,-0.806524285053045,0.0004689718153401204
400,12147.72,0.48010541091817105,-0.9320739628575757,-0.046813435366817424,0.672040974663,-0.8157093753199308,0.01706865297028029
425,12148.093,0.5196196395202751,-0.9514313453293759,0.020903366050809523,0.672040974663,-0.8214836482242076,0.034616665958092666
450,12148.463,0.5929435054996723,-0.9181185713207056,0.0686660685454485,0.672040974663,-0.8239412781506285,0.05317720994580099
475,12148.844,0.6624850867881819,-0.8409207460776799,0.08406931203862908,0.672040974663,-0.8228509284171401,0.07216714093550594
500,12149.221,0.7190563775905578,-0.7624445905661023,0.0785831925790118,0.672040974663,-0.8183017296064515,0.09027727487901957
525,12149.602,0.7368150365786713,-0.6877981019807348,0.06028556698080263,0.672040974663,-0.8103137788739136,0.10748506209143097
550,12149.984,0.7257498762781989,-0.6490742189365235,0.03494080238773632,0.672040974663,-0.799054727117922,0.12306239695192843
575,12150.357,0.6991203150131982,-0.6632841860678831,0.025265217938638534,0.672040974663,-0.7856160089839282,0.1357381944538043
600,12150.733,0.6600647561464694,-0.7084218141869272,0.04034101964123681,0.672040974663,-0.7698528935078701,0.14584056687137795
625,12151.119,0.6178240756488599,-0.7646130831428027,0.08055591916341885,0.672040974663,-0.7519552703621067,0.15298271503588773
650,12151.489,0.5985896120391524,-0.806869418307709,0.1242147241168944,0.672040974663,-0.7336174506791378,0.15650358574392387
675,12151.877,0.5933487686706601,-0.8165512757600748,0.16346635619548244,0.672040974663,-0.7143971591475489,0.15650247178695875
700,12152.261,0.6057405524345636,-0.7884311423724801,0.17477509397743918,0.672040974663,-0.6955320983587275,0.15282428075953186
725,12152.644,0.6341874767996427,-0.7369851090426818,0.16185823775316843,0.672040974663,-0.677719180648447,0.14560489225031983
750,12153.019,0.6644253384096304,-0.6721195376611581,0.1327022693334104,0.672040974663,-0.6620079541025651,0.13542200963296303
775,12153.38,0.6781977177118328,-0.6166246061183477,0.10668805900839327,0.672040974663,-0.6489637594729825,0.12305369807866498
800,12153.753,0.6800829064770457,-0.5717991722160813,0.07793508103552121,0.672040974663,-0.6380621893347258,0.10807796175240214
825,12154.12,0.6791342831711434,-0.5549186427837746,0.06124189801536671,0.672040974663,-0.6301269424276419,0.09139543065186288
850,12154.499,0.6773363503001326,-0.5685129084980189,0.056415752024024,0.672040974663,-0.6253222189648038,0.07309396086832315
875,12154.879,0.6680916624017426,-0.6005249532437497,0.049160371030077574,0.672040974663,-0.6240523038290328,0.054165077826673354
900,12155.257,0.6520964926750626,-0.6356959416221842,0.034297559504483925,0.672040974663,-0.626326362693896,0.03558114944072567
925,12155.618,0.6385391650737213,-0.6539444137914716,0.017195074703914664,0.672040974663,-0.6318297257949139,0.018207258156354746
950,12155.983,0.6318611870111701,-0.6596619165313381,-0.003320301725082104,0.672040974663,-0.6402853353001755,0.002288038093829964
975,12156.353,0.6344969574131774,-0.652291994999884,-0.023996933108468666,0.672040974663,-0.6517372788309226,-0.012144251012440835
1000,12156.718,0.6417658790692636,-0.63811306267717,-0.04500779761856537,0.672040974663,-0.6654802610835245,-0.024113776591487612
1025,12157.107,0.6510341606309473,-0.6265246585383906,-0.06222916713634745,0.672040974663,-0.6823001173547762,-0.0339188285557436
1050,12157.498,0.6588090000233885,-0.6283492038214825,-0.07226932615926546,0.672040974663,-0.7007010890961737,-0.040278926666869566
1075,12157.874,0.6635999085220213,-0.642749714742293,-0.07780542461406596,0.672040974663,-0.7194861517965428,-0.04293160776271951
1100,12158.236,0.6637156431331527,-0.6675594940988124,-0.07825702718117489,0.672040974663,-0.737443893788381,-0.04212808626755929
1125,12158.614,0.6594314443682292,-0.7015578260637969,-0.07377335454677482,0.672040974663,-0.7559643549429499,-0.03779232103438761
1150,12158.983,0.6537224668041735,-0.7328939370085387,-0.06797553782107864,0.672040974663,-0.7728059498234018,-0.03032247087784895
1175,12159.373,0.6468533556383818,-0.7611063721011744,-0.06192232763897853,0.672040974663,-0.7886041201066413,-0.019375442810746157
1200,12159.743,0.6417370976043435,-0.7789690827102645,-0.05533870967162961,0.672040974663,-0.8017023263014158,-0.005997448474745523
1225,12160.132,0.6397672837689444,-0.7907054298202496,-0.04627625470952565,0.672040974663,-0.8123130515609475,0.010028534093162893
1250,12160.502,0.641403673526886,-0.7962951974911775,-0.03586152094871729,0.672040974663,-0.8194402839456933,0.027071935922824905
1275,12160.885,0.6450453207808912,-0.7975304596997347,-0.021050824171073956,0.672040974663,-0.8234077938342002,0.04597999119018875
1300,12161.259,0.6501701510904427,-0.7983025079876577,-0.0015865195187741384,0.672040974663,-0.8237212228922536,0.06460033650433689
1325,12161.637,0.6562411725924736,-0.8007482446348274,0.021541241056960907,0.672040974663,-0.8205505805092014,0.08305245738118158
1350,12161.995,0.6606992808704122,-0.8010321128803763,0.046208247406291175,0.672040974663,-0.8143206211013596,0.09991406317704984
1375,12162.369,0.6622854411583312,-0.8003490240195464,0.07380921651607354,0.672040974663,-0.8048794653333559,0.11579296632423809
1400,12162.751,0.6623006263364118,-0.7984770375406568,0.09536807417229999,0.672040974663,-0.7921313779948075,0.13017718952220436
1425,12163.129,0.6621863593699038,-0.7927522155873723,0.11004147983835669,0.672040974663,-0.7770789289675392,0.14172444356539599
1450,12163.506,0.6619865100375342,-0.7796262103700496,0.11927609051425196,0.672040974663,-0.7603495836503169,0.15013055700931466
1475,12163.878,0.6626999946218715,-0.7593581886836737,0.1278434932960196,0.672040974663,-0.7424939579803591,0.1552433232613232
1500,12164.245,0.6642251022348993,-0.7406936996383618,0.13233849051079005,0.672040974663,-0.7241508087623918,0.15696577971818598
1525,12164.625,0.6651924892728652,-0.7196387112048053,0.13387588139154283,0.672040974663,-0.7052624585333152,0.1551922174055439
1550,12165.003,0.6660997689560195,-0.6979931650764041,0.1341425929817122,0.672040974663,-0.6872813805637144,0.1499754585433738
1575,12165.383,0.6674060751191826,-0.6814016160682981,0.1336228899340446,0.672040974663,-0.6702080182169223,0.14125713148201036
1600,12165.751,0.6686065813211015,-0.6658420514595903,0.12897099637874918,0.672040974663,-0.6558036524168125,0.13009230503107927
1625,12166.124,0.6683533172494835,-0.6531473566604377,0.12025895303751381,0.672040974663,-0.6433681298714456,0.11609617996024027
1650,12166.494,0.667549336361628,-0.6415636261531428,0.10672554086579346,0.672040974663,-0.6338674202804655,0.1002528373626474
1675,12166.867,0.6664905180114802,-0.6322858134731497,0.08987922628867664,0.672040974663,-0.6274431563671357,0.08293221899708707
1700,12167.237,0.6643871927457046,-0.6243290670244384,0.06834558724538423,0.672040974663,-0.6243145821899989,0.0647254342448307
1725,12167.605,0.6617690352010044,-0.6193934105364484,0.04798207735279094,0.672040974663,-0.6245884681603718,0.046253835129737006
1750,12167.972,0.6605845724584802,-0.6178625680369614,0.026516531578191095,0.672040974663,-0.6281837213939576,0.028387294950606684
1775,12168.342,0.6602899806684993,-0.6179965782420291,0.006902845228481416,0.672040974663,-0.6350758601006912,0.011247475481293678
1800,12168.719,0.6606819328641693,-0.6210611665975516,-0.009944722051309775,0.672040974663,-0.6453106796206929,-0.004726370863576093
1825,12169.088,0.6608380376064474,-0.6286694733375955,-0.023120264992860715,0.672040974663,-0.6578516112125294,-0.01801852957483352
1850,12169.465,0.6622093436298442,-0.6409539420376723,-0.034473479717654895,0.672040974663,-0.6731606503070825,-0.029138893138746985
1875,12169.849,0.663478331804521,-0.6557572577970603,-0.04608399479663275,0.672040974663,-0.6905729327853928,-0.037277199270596154
1900,12170.225,0.6621711163621653,-0.6707458763764762,-0.055620212283198855,0.672040974663,-0.7087262473286103,-0.04185878295638652
1925,12170.602,0.6606705011583519,-0.6880901499010194,-0.06205686893166168,0.672040974663,-0.7274653873394904,-0.04297451531725874
1950,12170.977,0.659362059173191,-0.7083600013048905,-0.06543751201160027,0.672040974663,-0.7459853225043275,-0.04059036709241565
1975,12171.35,0.6581981055803048,-0.7260864839128338,-0.06712824628914857,0.672040974663,-0.763785026847344,-0.03478482979806484
2000,12171.737,0.6565621891874515,-0.7425224536078293,-0.06424593096133845,0.672040974663,-0.7803972367725369,-0.02562241859498074
2025,12172.131,0.6556919048742552,-0.7608348422800629,-0.056207420844817536,0.672040974663,-0.7956810683845756,-0.012774347361021052
2050,12172.497,0.6553934507823773,-0.777707877983986,-0.04382518963676521,0.672040974663,-0.8071479378914721,0.0013907508558850465
2075,12172.867,0.6554703874092903,-0.7903370988421167,-0.03015415886655144,0.672040974663,-0.8159521967651993,0.017631440899041832
2100,12173.247,0.6558864041447582,-0.8014221711762406,-0.01270205010023233,0.672040974663,-0.8217263396033524,0.03570281528344113
2125,12173.615,0.6571948645652923,-0.8109973880281431,0.007827308662616234,0.672040974663,-0.8239702509744351,0.05403965931812231
2150,12173.996,0.6586404270758194,-0.816128808128277,0.029961649001355947,0.672040974663,-0.8227240868955121,0.07297012082187122
2175,12174.379,0.6591032932292502,-0.8168039056349041,0.052874048794159995,0.672040974663,-0.8178389723396028,0.09155923762649133
2200,12174.764,0.6607654297750412,-0.8157423107265824,0.07515024357626443,0.672040974663,-0.8094877451205064,0.10887040776993309
2225,12175.138,0.6625532837918228,-0.8102810119122995,0.09501840081116818,0.672040974663,-0.798314481214032,0.1238934537876744
2250,12175.515,0.6638195589549034,-0.7979682007608104,0.1122724602557302,0.672040974663,-0.7845367023005653,0.13657046235383563
2275,12175.905,0.6640442771911794,-0.7830992680151556,0.12696478374410083,0.672040974663,-0.7679200161854928,0.146811188375407
2300,12176.285,0.6663502299729849,-0.7683548295259212,0.14055298148884873,0.672040974663,-0.7502100475675086,0.15347348342607708
2325,12176.661,0.6683952835151303,-0.7533158576179068,0.1460934725692826,0.672040974663,-0.731761564958082,0.15666522705371666
2350,12177.037,0.6691375189336777,-0.7330647751632293,0.14576328676015146,0.672040974663,-0.712793015393932,0.15633443242119963
2375,12177.421,0.6708903648770017,-0.7085499572257813,0.146705685257747,0.672040974663,-0.6941805659534275,0.15241230705862713
2400,12177.805,0.6741641653279007,-0.6874803436318982,0.14643131777333193,0.672040974663,-0.6764714284252179,0.14494196196571962
2425,12178.179,0.6758752766099654,-0.6714607007806601,0.14193106644127654,0.672040974663,-0.6610609138211121,0.13466417282458032
2450,12178.563,0.6753120027386434,-0.6566111998496235,0.13257592641532928,0.672040974663,-0.647391102449256,0.12122374181840975
2475,12178.938,0.6741691667171734,-0.6450597877422578,0.12077732134380964,0.672040974663,-0.6367317398358756,0.10577129166560452
2500,12179.319,0.6718438565611077,-0.636872019987272,0.10370615440155198,0.672040974663,-0.6290224004177548,0.08821922585243128
2525,12179.698,0.6677971230578927,-0.6304016493026207,0.08247589520278768,0.672040974663,-0.6248615444954193,0.06996488346579732
2550,12180.061,0.6649959596577137,-0.626676547682952,0.06088543328536977,0.672040974663,-0.6241489773063532,0.051754135216923736
2575,12180.435,0.664565192166563,-0.626030813494272,0.04061175158192647,0.672040974663,-0.62687074945621,0.03323048292210998
2600,12180.819,0.6643688312824252,-0.6245958566100307,0.01929922522992598,0.672040974663,-0.6332059598324637,0.015084278986058401
2625,12181.203,0.6647511301348885,-0.6249394918976491,0.002059227852265366,0.672040974663,-0.6427498151678931,-0.0013117608709593553
2650,12181.574,0.6659059192972014,-0.6312523902218036,-0.013017351966876672,0.672040974663,-0.6549648647719983,-0.01536907429002339
2675,12181.966,0.6673834207571687,-0.6432467973540481,-0.026199245775718992,0.672040974663,-0.6703739517576582,-0.027431071960630035
2700,12182.355,0.6681076195028132,-0.6565178011330131,-0.03911315123349825,0.672040974663,-0.6875109783629324,-0.03613405575530025
2725,12182.739,0.6674185974437051,-0.6718065753017447,-0.04909870089094025,0.672040974663,-0.7062424290430958,-0.041442479666776666
2750,12183.113,0.6656527150438891,-0.6894163571984576,-0.05493572501528439,0.672040974663,-0.7247975347151489,-0.04303104848539775
2775,12183.495,0.6639988060255875,-0.7104556133923491,-0.05809086586387122,0.672040974663,-0.7437667655366048,-0.04106367027794565
2800,12183.876,0.6627747410491597,-0.7291420710167764,-0.059849461820143765,0.672040974663,-0.761925034260467,-0.03556889324833906
2825,12184.258,0.660602021637876,-0.7472710419669616,-0.05705783506013612,0.672040974663,-0.7787187935318229,-0.026743648368322326
2850,12184.631,0.6594391227786158,-0.7639572182029721,-0.0502162196053858,0.672040974663,-0.7933637145575205,-0.015079171263626276
2875,12184.997,0.6588722788650287,-0.780051431921887,-0.039297099564718295,0.672040974663,-0.8053455891644223,-0.0012150668777697674
2900,12185.373,0.6588122436396636,-0.7929605638240077,-0.025972832587554458,0.672040974663,-0.8147231729860958,0.014874570130671838
2925,12185.743,0.6593538373408232,-0.8038622695773844,-0.009454029011781433,0.672040974663,-0.820917868132443,0.03227861389748986
2950,12186.128,0.6605764623916022,-0.812859404883382,0.009587861904217076,0.672040974663,-0.8238537767642828,0.05132370867743423
2975,12186.506,0.6620066454232144,-0.81847388739077,0.03288870464309178,0.672040974663,-0.823129285362715,0.07023149215421029
3000,12186.875,0.6625515922783178,-0.8197221445485277,0.05570711098013077,0.672040974663,-0.8189978268013102,0.0882372145098641
3025,12187.246,0.6634366583266832,-0.8187603528270807,0.07740952015571581,0.672040974663,-0.8116247762023027,0.10517572425131766
3050,12187.636,0.665358188334815,-0.8141434999281805,0.09941875129538294,0.672040974663,-0.8006228747442201,0.12123825124161312
3075,12188.013,0.6663956231714685,-0.8021477056531756,0.11750543066314775,0.672040974663,-0.787299575848268,0.13439208887570367
3100,12188.405,0.66550207187984,-0.7888673199279401,0.13209892445784233,0.672040974663,-0.7708768389456494,0.14530492323439373
3125,12188.776,0.664225678581622,-0.7771022123558338,0.14203432964263218,0.672040974663,-0.7538275056266392,0.15241795499102095
3150,12189.146,0.6642490439257533,-0.7615775520044509,0.14967323736446062,0.672040974663,-0.7357110250716091,0.15627930738307882
3175,12189.526,0.6655534478163825,-0.7407339225255054,0.15507112837426348,0.672040974663,-0.7167941549578951,0.15670497026969044
3200,12189.894,0.667403545617554,-0.7209614224651893,0.15904605759984913,0.672040974663,-0.6985706758694097,0.15367515223746891
3225,12190.284,0.670798620421253,-0.7028765358217672,0.15725657950030397,0.672040974663,-0.6805388496122848,0.14702136762771262
3250,12190.661,0.6753926253795326,-0.6821784164866584,0.15222014526980512,0.672040974663,-0.6643134206247393,0.13719025620411457
3275,12191.034,0.6804399276926447,-0.6607053385719848,0.14508030565682947,0.672040974663,-0.6504733954317727,0.124729549962067
3300,12191.426,0.6821903031159701,-0.6427247861288963,0.13156945747607907,0.672040974663,-0.6386846239209786,0.10911043936615972
3325,12191.796,0.6797500067627359,-0.6309458416868309,0.11242224391244539,0.672040974663,-0.6305488352681518,0.09252478501096376
3350,12192.156,0.6745288068047726,-0.6248040475508535,0.09119622673430754,0.672040974663,-0.6256927756523152,0.07521742157091157
3375,12192.522,0.6697619344609606,-0.6247939570258141,0.07052030122204445,0.672040974663,-0.624013128349179,0.057070303653185536
3400,12192.894,0.6664093555869536,-0.6271271028036839,0.04922408954897022,0.672040974663,-0.6257463301585109,0.03842815384520944
3425,12193.269,0.664399530369177,-0.6300773221699475,0.03034816622328834,0.672040974663,-0.6309241128653413,0.02043581369125104
3450,12193.651,0.6641118937241548,-0.6327454650236316,0.013887788012029383,0.672040974663,-0.6395250840910174,0.0034702710972116177
3475,12194.033,0.6661795204592913,-0.639179200739318,-0.0016623975256940073,0.672040974663,-0.6511486306481662,-0.01152334297979836
3500,12194.429,0.6689118574960395,-0.6458951958194931,-0.015779980680150543,0.672040974663,-0.6661669826378892,-0.024605135809072462
3525,12194.81,0.6710510414446407,-0.6544521179242258,-0.032492449907120136,0.672040974663,-0.6826588972633576,-0.03408264041320419
3550,12195.186,0.6705996546254347,-0.6644560662847278,-0.044419351764962464,0.672040974663,-0.7003068646402663,-0.04018357548345036
3575,12195.562,0.6689081333213308,-0.6810494969304315,-0.052225266192008735,0.672040974663,-0.7188313337152772,-0.04289978303514039
3600,12195.945,0.6679293266313622,-0.7012457794302904,-0.0573018660606091,0.672040974663,-0.738032675329433,-0.04204650229783563
3625,12196.324,0.6661747841629215,-0.7226127191438647,-0.05864608433210081,0.672040974663,-0.7562431916323218,-0.0376978434290447
3650,12196.715,0.6634474301438977,-0.7444270648070382,-0.05449725680145057,0.672040974663,-0.7739750164130554,-0.029658627114240485
3675,12197.089,0.6617239856236752,-0.7639281848317518,-0.04664832270278372,0.672040974663,-0.7892464417832621,-0.01882731578379193
3700,12197.464,0.6607968286355653,-0.7818136702493698,-0.03629896936018623,0.672040974663,-0.8023867356083874,-0.005143457561694681
3725,12197.858,0.6603345312415427,-0.796946455733824,-0.021886763156790525,0.672040974663,-0.81293608214812,0.011219851901612496
3750,12198.237,0.6606695355722029,-0.8071891629157011,-0.006614418050767481,0.672040974663,-0.8199753878888828,0.02883698766042926
3775,12198.601,0.6620119243641421,-0.8153632219725556,0.01112270562179123,0.672040974663,-0.8234868189248683,0.0467201908372179
3800,12198.988,0.6634283772369991,-0.8193970466386366,0.0315015893572177,0.672040974663,-0.8236095770273472,0.06594009037515626
3825,12199.351,0.6639267822386281,-0.8195618428904239,0.05280129356336208,0.672040974663,-0.8203268643144291,0.08386668796162626
3850,12199.734,0.6657731406965678,-0.8198079690094774,0.07537224349514621,0.672040974663,-0.813513166095198,0.10157230329208931
3875,12200.107,0.6669674262802283,-0.8149274658187354,0.09566496551870654,0.672040974663,-0.8036297406304502,0.11747361264250662
3900,12200.498,0.6671473474037533,-0.8046771322670497,0.11474587530357933,0.672040974663,-0.7903964445075081,0.13175389564857404
3925,12200.864,0.6657819383406193,-0.7948472973678519,0.12983527439660278,0.672040974663,-0.7757208440606547,0.1425597207122655
3950,12201.25,0.6651574295924176,-0.7846808768520515,0.14321293518174288,0.672040974663,-0.7581086386264654,0.15097381285816236
3975,12201.63,0.6649625951545575,-0.7668412218060969,0.1543874979358669,0.672040974663,-0.7397408275151472,0.15572131879623352
4000,12202.012,0.6668305405366662,-0.7471449244736027,0.1611114051619955,0.672040974663,-0.7208569251825688,0.15691605579207452
4025,12202.382,0.6695686632475061,-0.7279294869584041,0.16655974992345918,0.672040974663,-0.7025252915511017,0.1546299683487547
4050,12202.752,0.6725512980449477,-0.7102726694576927,0.1688001169732622,0.672040974663,-0.6848809645822088,0.1489912951175878
4075,12203.133,0.675881222199838,-0.689626305182375,0.1636747851014153,0.672040974663,-0.668246854012721,0.13997267386167261
4100,12203.511,0.6779125165240261,-0.6683914073291173,0.15090868284568276,0.672040974663,-0.6535738374036032,0.12794695636783326
4125,12203.88,0.6802005921808039,-0.6492852916103138,0.1341320039584466,0.672040974663,-0.641719070937355,0.11377869961452858
4150,12204.264,0.6810924412821403,-0.6324900795893245,0.11710350574907533,0.672040974663,-0.6324704071066678,0.09721435492480363
4175,12204.637,0.6793159970229893,-0.6226272539653745,0.09876803840131461,0.672040974663,-0.6265723973367787,0.07944507754137616
4200,12205.014,0.6758523478498761,-0.6215141461059553,0.0784537475641717,0.672040974663,-0.6240900120228062,0.060887828253621545
4225,12205.39,0.6722758416120876,-0.6237273374475027,0.05696960758069184,0.672040974663,-0.6251475081109921,0.04194589066327578
4250,12205.757,0.6687852132673193,-0.6276413583615107,0.03827015802721611,0.672040974663,-0.6295316888650749,0.024205106928843104
4275,12206.146,0.6659244557909054,-0.6327529047999009,0.018787127897735824,0.672040974663,-0.6376702717233019,0.006518669241433427
4300,12206.53,0.6658672473287971,-0.6404638151061004,0.0027431066161403127,0.672040974663,-0.6488833223290216,-0.009030492301470572
4325,12206.913,0.6666076503976511,-0.6479249901924651,-0.012762036489218063,0.672040974663,-0.662699340592894,-0.022031759046885285
4350,12207.298,0.6695580409030739,-0.6556560542241643,-0.02803710201664927,0.672040974663,-0.6789898042832849,-0.032325251526293466
4375,12207.668,0.6713345664420874,-0.66672787664521,-0.04006259601340112,0.672040974663,-0.6961348419925194,-0.03906955737844253
4400,12208.037,0.6706216375140148,-0.6802837139258228,-0.047792035534352025,0.672040974663,-0.7143256975774154,-0.04256379307205782
4425,12208.416,0.67045016862827,-0.697554507730606,-0.054749021494459704,0.672040974663,-0.7332473071618825,-0.042606857310103594
4450,12208.793,0.6689870145575594,-0.7171365838198512,-0.05727366729940723,0.672040974663,-0.7517422395636121,-0.0391127045552981
4475,12209.18,0.6664538312639868,-0.7376382475665402,-0.054253771469598464,0.672040974663,-0.7697446130359723,-0.031964583208102665
4500,12209.553,0.6641790789346442,-0.7592141567926196,-0.04674603790083508,0.672040974663,-0.7853227109464218,-0.022034938053854133
4525,12209.933,0.6627070439119986,-0.7785271770047054,-0.03732834372100497,0.672040974663,-0.7991394033065743,-0.00903438768558179
4550,12210.304,0.6616126416386046,-0.7937587647540151,-0.02509570796917244,0.672040974663,-0.8099979859035703,0.00591105213334156
4575,12210.67,0.6613711279578995,-0.8058340090335991,-0.010417658811959081,0.672040974663,-0.8179221185218393,0.02259886534063693
4600,12211.041,0.6621267930676031,-0.8150329233246523,0.006888446663967623,0.672040974663,-0.822641370335516,0.040459538612267865
4625,12211.417,0.6628240288550551,-0.8197062611411844,0.026469658404102616,0.672040974663,-0.8239895785036759,0.05913347961865968
4650,12211.799,0.6639392020670642,-0.8218906873149493,0.04766869874883818,0.672040974663,-0.8217810533379292,0.0779759241056509
4675,12212.181,0.6663260684456999,-0.82313214333345,0.06950910768452266,0.672040974663,-0.8159556807268071,0.09629216394197529
4700,12212.56,0.6677056221010972,-0.8171926391340937,0.09204778050630084,0.672040974663,-0.8068459818990973,0.11299005988138923
4725,12212.94,0.667687058701921,-0.8089072718258155,0.10993847224328127,0.672040974663,-0.7948805845629976,0.12751937144839504
4750,12213.318,0.6668547263358231,-0.8001998210484532,0.1274470855370536,0.672040974663,-0.7804045523864906,0.13954917279532553
4775,12213.7,0.6665127202862329,-0.7894308669780825,0.14251015629731525,0.672040974663,-0.7635636621249317,0.1488122188924952
4800,12214.081,0.6668660816835239,-0.7730810622343237,0.15385000522915598,0.672040974663,-0.7457500099703311,0.15457481682136334
4825,12214.445,0.6678822082860894,-0.7555482335976856,0.16252979584596458,0.672040974663,-0.727674113356071,0.1568988360496319
4850,12214.824,0.6699331191273021,-0.7371184163191454,0.16945403589001568,0.672040974663,-0.7087350014731854,0.155791885851736
4875,12215.207,0.6729973720615609,-0.7171762447034251,0.1707594554027491,0.672040974663,-0.6901104708370455,0.15104357390077333
4900,12215.578,0.6757141726069595,-0.6955412875178573,0.16495836555944202,0.672040974663,-0.673383709683655,0.14320198932147632
4925,12215.957,0.6772936782535885,-0.6732248135695997,0.15454736937291516,0.672040974663,-0.6580083664783791,0.13208829871155475
4950,12216.33,0.6777694352549348,-0.6569948442305347,0.14343659595139555,0.672040974663,-0.6452544848931229,0.11858636361607322
4975,12216.706,0.6790910667242325,-0.6413779368918987,0.12501781700993234,0.672040974663,-0.6350799102762926,0.10269215172010845
5000,12217.085,0.6798111538345565,-0.6292356506767003,0.1070514314205267,0.672040974663,-0.6280445164042943,0.08507345339354738
5025,12217.471,0.6796557390424365,-0.6216801746237679,0.08762146499455331,0.672040974663,-0.6244397957267817,0.06619421620996924
5050,12217.855,0.6768560939635985,-0.6207744232268049,0.06710636712609405,0.672040974663,-0.6245135071833747,0.046974065991478894
5075,12218.232,0.6736299852120257,-0.6225780185411005,0.04675254132509279,0.672040974663,-0.6281341048469078,0.028554199010219775
5100,12218.614,0.6706823871048446,-0.629051967774022,0.025177878530554226,0.672040974663,-0.6353175113587937,0.010780409333880261
5125,12219.0,0.6684379311864369,-0.6381859393615026,0.006805039938879801,0.672040974663,-0.6457916997128781,-0.005335141730955464
5150,12219.392,0.6675153378415601,-0.6465683766494901,-0.010103288417111552,0.672040974663,-0.6593841756546115,-0.01934340089007762
5175,12219.779,0.6673641951177827,-0.6531646390949056,-0.02594103922594684,0.672040974663,-0.6753515408831006,-0.03039576009618046
5200,12220.145,0.6689648479985527,-0.6653209000277325,-0.037520561361851786,0.672040974663,-0.6920148033519732,-0.037776463834730434
5225,12220.561,0.6699302841033028,-0.6818854594981572,-0.046094906110882745,0.672040974663,-0.7122194625675774,-0.04233624390198158
5250,12220.952,0.6707668471913053,-0.6985006068380217,-0.052429420174151024,0.672040974663,-0.731684406396623,-0.04273944452567903
5275,12221.325,0.6706178843162484,-0.716750437321031,-0.05502969786388361,0.672040974663,-0.7499422457142924,-0.039614030402199615
5300,12221.699,0.6689895201943741,-0.7359204642202449,-0.052900286766823144,0.672040974663,-0.7674455735444463,-0.03310974903236691
5325,12222.072,0.6666128751786792,-0.7561135459050347,-0.04597609569429034,0.672040974663,-0.7834747389185016,-0.023435060645339595
5350,12222.452,0.6648693887742136,-0.7747579245663525,-0.03802729902302857,0.672040974663,-0.7975891125542989,-0.010758319955176843
5375,12222.829,0.6629861908699984,-0.7917331547592986,-0.026149017063342606,0.672040974663,-0.8089235814907721,0.0041434769801936555
5400,12223.196,0.6620636547736933,-0.8049084335600089,-0.01188026784392142,0.672040974663,-0.817209326178764,0.020710412271867096
5425,12223.584,0.6620030169916676,-0.8156776203223716,0.006300839731013462,0.672040974663,-0.8224151622764965,0.039160566718301995
5450,12223.96,0.6624884464801977,-0.8208076178028112,0.025148904735905805,0.672040974663,-0.8240094677659175,0.057815108470414184
5475,12224.352,0.6636208690718455,-0.8233836103207881,0.046459496852047553,0.672040974663,-0.8218989212207497,0.07741974655413103
5500,12224.721,0.6656131344100628,-0.8235667190005094,0.06867206909220419,0.672040974663,-0.8164280459709541,0.09516892317769604
5525,12225.096,0.6674109744284202,-0.8189572372532149,0.09003988789222526,0.672040974663,-0.8077418615680866,0.11164210434928315
5550,12225.463,0.6681498426102515,-0.8103979301291137,0.10899911467296027,0.672040974663,-0.7964282678185844,0.12592992084647103
5575,12225.864,0.6678854344944025,-0.8002276464622247,0.12882120331506886,0.672040974663,-0.7810786254192168,0.13908482988097098
5600,12226.236,0.6680000962410265,-0.7903785309905141,0.14449774782508548,0.672040974663,-0.7649993759831957,0.14818058300927517
5625,12226.627,0.6688388012160253,-0.7744681597430313,0.15788242295295596,0.672040974663,-0.7464995153590603,0.15440488086391713
5650,12227.001,0.6705507459744723,-0.7562057267673277,0.16528500250677675,0.672040974663,-0.7279924114247115,0.15688666756526803
5675,12227.371,0.6718696318671126,-0.7365921602951936,0.169838864214206,0.672040974663,-0.7095444255068241,0.1559136295545668
5700,12227.734,0.6739380006315262,-0.7176562930495656,0.16964600470454874,0.672040974663,-0.6920636110681746,0.15172468329126124
5725,12228.116,0.6757014064695699,-0.695860870655338,0.16374229550276628,0.672040974663,-0.6745251273530479,0.14386203763128114
5750,12228.492,0.6769227304674673,-0.6739448711028502,0.1532037166611167,0.672040974663,-0.6591566897074247,0.1330819007406358
5775,12228.887,0.6773827227539548,-0.6586130634637283,0.14425413950728072,0.672040974663,-0.645513074613434,0.11891545184541048
5800,12229.252,0.6781926523656485,-0.6453683807601243,0.12930200452996146,0.672040974663,-0.6355735772549153,0.10363980141595952
5825,12229.644,0.6793355574760357,-0.632926959458317,0.10993006623813198,0.672040974663,-0.6282058667412433,0.08561860692741197
5850,12230.024,0.680466119375868,-0.6238796738955162,0.09154872853609333,0.672040974663,-0.6245186673433851,0.06700893583260348
5875,12230.41,0.679669822406616,-0.6205848444687898,0.06988460933323619,0.672040974663,-0.6244583090322063,0.04753991002539887
5900,12230.808,0.6761518600978137,-0.6218391686622197,0.04612953141708311,0.672040974663,-0.6282431840076828,0.028188657804086345
5925,12231.165,0.6723874414843191,-0.6226445410569825,0.027882056625259714,0.672040974663,-0.6349424446116692,0.011507948838383186
5950,12231.543,0.6712164916259723,-0.6333294811747215,0.010068790055157626,0.672040974663,-0.6449770648625825,-0.004298383259698717
5975,12231.926,0.6684965848847393,-0.6429862558472533,-0.006488987824861115,0.672040974663,-0.6581576055577762,-0.0182874130610291
6000,12232.297,0.6690177945655841,-0.6519757387767094,-0.022268402553689993,0.672040974663,-0.6731669760537594,-0.029142628734031006
6025,12232.678,0.6701131830683229,-0.6663013539227858,-0.03537250265359375,0.672040974663,-0.6902972706412176,-0.03717893205972088
6050,12233.057,0.6693749408359844,-0.6809670898041025,-0.04489405526313271,0.672040974663,-0.708684096456446,-0.041852253586593585
6075,12233.433,0.669532340137922,-0.696157509326363,-0.052528540407486,0.672040974663,-0.7273727875119975,-0.042977671111357335
6100,12233.808,0.6695569398032727,-0.7131926271505213,-0.05646399362778037,0.672040974663,-0.7459924893267406,-0.040588752657639296
6125,12234.188,0.6684779095766638,-0.7327426872628949,-0.054701358958678725,0.672040974663,-0.7639751830080282,-0.0347021669106088
6150,12234.564,0.6668518117811102,-0.7526082718154571,-0.047528840573522795,0.672040974663,-0.7803620047727592,-0.025646460951058492
6175,12234.944,0.6658744348694428,-0.7725888509962942,-0.038524675805034964,0.672040974663,-0.7950204852447891,-0.013446819758795886
6200,12235.321,0.6647527393120874,-0.788904309452519,-0.02720310911095977,0.672040974663,-0.8069849395203312,0.0011476920285959577
6225,12235.704,0.663891981124756,-0.8028456313153285,-0.012802787506990244,0.672040974663,-0.8160335576082576,0.01782215778781506
6250,12236.083,0.6636626902106012,-0.8149925187712191,0.005613510535201031,0.672040974663,-0.821770217714922,0.03590546579475028
6275,12236.461,0.6634618041081116,-0.8204891976757293,0.022721302723163077,0.672040974663,-0.8239895457226459,0.05479675809382834
6300,12236.834,0.6633310799681557,-0.822576921561264,0.04186643459727217,0.672040974663,-0.8226825737203785,0.07322409679430628
6325,12237.211,0.6652486870668746,-0.8243877342026978,0.06499275399571723,0.672040974663,-0.8178364307160886,0.09156613036845104
6350,12237.606,0.667013431778243,-0.820963837198847,0.08706993857627283,0.672040974663,-0.8092233104060562,0.10930339057508243
6375,12237.985,0.6677856779617048,-0.8126845823481369,0.10641799836572718,0.672040974663,-0.7979403106571075,0.1243065283706799
6400,12238.342,0.6669889260958104,-0.8041144112787272,0.1242509404266744,0.672040974663,-0.7847296873171343,0.1364233653819268
6425,12238.716,0.6675948859395716,-0.7949410426929847,0.14094117524701175,0.672040974663,-0.7690330634841746,0.14625865440867306
6450,12239.088,0.6686476550796617,-0.7802986169396562,0.15392231456672145,0.672040974663,-0.7516476000562725,0.15307171705808964
6475,12239.469,0.6700983735579389,-0.7605949707044817,0.16396757725532635,0.672040974663,-0.7329998524069068,0.15656124500067614
6500,12239.84,0.6722050296754901,-0.7425138472110023,0.17021977763391138,0.672040974663,-0.714526281123894,0.15651486132958808
6525,12240.218,0.6746141195779207,-0.7226035540387699,0.1709922431745448,0.672040974663,-0.6958962915798141,0.1529317359837492
6550,12240.581,0.6764590984641949,-0.7010316602995103,0.1655255449525076,0.672040974663,-0.6789465139076769,0.14623515919796506
6575,12240.955,0.676918521094277,-0.6811687247011685,0.15797299217880184,0.672040974663,-0.6632947429336536,0.1364220530244049
6600,12241.336,0.6769268636399055,-0.6636137714258389,0.14826930291009152,0.672040974663,-0.6491820685001574,0.12330078726982822
6625,12241.699,0.6770632896228995,-0.651059622321179,0.13669666722759974,0.672040974663,-0.6384892276647695,0.10878934163622961
6650,12242.092,0.67750592566138,-0.6389718798509428,0.11786818776714378,0.672040974663,-0.6300171514744743,0.09109455140091538
6675,12242.477,0.6786082339960624,-0.6298481769600466,0.097290156813167,0.672040974663,-0.6252240780866317,0.07248148998429395
6700,12242.862,0.6799081475300814,-0.622330259496125,0.0771027004086021,0.672040974663,-0.6240715996453898,0.05354509404695796
6725,12243.253,0.6787534709099983,-0.6194086554133117,0.055013520483673035,0.672040974663,-0.6267086770129513,0.033903906711682835
6750,12243.631,0.6755237969747196,-0.6205105157459985,0.03416509540008472,0.672040974663,-0.6327742236809942,0.01603334197405773
6775,12243.995,0.6737806018158935,-0.6270377474289962,0.014692112179234839,0.672040974663,-0.6417182120570217,0.00015429364880940877
6800,12244.367,0.673255312830402,-0.6375909822380649,-0.0018362486482314776,0.672040974663,-0.6535727643277789,-0.014014142321804493
6825,12244.743,0.6716833642923986,-0.647706016965983,-0.018765040096564406,0.672040974663,-0.6681211529826188,-0.025956337076940422
6850,12245.126,0.6696551847857413,-0.659316824205949,-0.03199948202595806,0.672040974663,-0.6849255906611507,-0.035078509613038975
6875,12245.493,0.6689450217265495,-0.6751453902362163,-0.042759054915559154,0.672040974663,-0.702279723064944,-0.04064386605215389
6900,12245.861,0.6696122481972404,-0.6906035045917944,-0.05126057274519384,0.672040974663,-0.7206055489417991,-0.0429760524357924
6925,12246.239,0.6689226468157481,-0.7077905420442019,-0.054941896002932346,0.672040974663,-0.7392947762426498,-0.04185957544452451
6950,12246.621,0.6680877937808619,-0.7268631161169771,-0.053330714927055343,0.672040974663,-0.7579191324509857,-0.03711057937954548
6975,12247.001,0.6674929139034107,-0.7490561326509804,-0.04764364667776062,0.672040974663,-0.7750761421285117,-0.02901414086755985
7000,12247.385,0.6669206299989702,-0.7679098937228921,-0.04070180115034808,0.672040974663,-0.7903953138631759,-0.017823150070630858
7025,12247.765,0.6656232133412473,-0.783240445180761,-0.03147597290126553,0.672040974663,-0.8033252872295655,-0.003940387867057332
7050,12248.142,0.6644999003934308,-0.798002982913046,-0.018019281988334315,0.672040974663,-0.8134006927062764,0.012134483893953635
7075,12248.517,0.6638868768118613,-0.8094688640621884,-0.0026569247444248175,0.672040974663,-0.8201907429184416,0.02958237649137553
7100,12248.891,0.6632241203295715,-0.8167507772563259,0.014917880303574504,0.672040974663,-0.823609441344798,0.04799015308292844
7125,12249.27,0.6635543244120414,-0.8219213491876005,0.03454547832051768,0.672040974663,-0.8235122733738727,0.06696133797059278
7150,12249.662,0.6654208647718101,-0.8255296642564109,0.05791237051579922,0.672040974663,-0.8196897453564875,0.08605151577394579
7175,12250.05,0.6670002801811469,-0.8222081606191664,0.08094774656472836,0.672040974663,-0.8123580330590099,0.10381849645686383
7200,12250.414,0.6673593697798846,-0.8167353627647326,0.10093799764706322,0.672040974663,-0.8023876745612085,0.1190740218561448
7225,12250.786,0.6666083920551154,-0.809811675134055,0.11979126149002929,0.672040974663,-0.7894368640638262,0.1325947557650636
7250,12251.183,0.6669241438696236,-0.7988232967647457,0.13766533374697493,0.672040974663,-0.7731946992960362,0.14403577589197936
7275,12251.552,0.6682596739198111,-0.7834799436507731,0.15150186351329686,0.672040974663,-0.7564811798507382,0.15154823070176632
7300,12251.94,0.6697261768544482,-0.7651193010935521,0.16265793789525315,0.672040974663,-0.7375389381604294,0.15604690703562007
7325,12252.318,0.6719714534028343,-0.7475281518800397,0.169279924022154,0.672040974663,-0.7188328434734557,0.1568316105062823
7350,12252.681,0.6744279784490341,-0.7275193559019686,0.1706202801198539,0.672040974663,-0.7007943766641086,0.15423299184420952
7375,12253.062,0.6762433305267734,-0.704614418502789,0.16608438239425702,0.672040974663,-0.6827968939100653,0.1480769414827371
7400,12253.414,0.6768667780820555,-0.6848196608112468,0.15982082830668795,0.672040974663,-0.6676045082177124,0.13953750242684432
7425,12253.798,0.6773066103733825,-0.6675515595527323,0.15144595502602232,0.672040974663,-0.652849378056843,0.12722061395061113
7450,12254.179,0.6775180273690591,-0.6541071121520315,0.14030645781981976,0.672040974663,-0.6408617907482855,0.11251642923425242
7475,12254.564,0.6775949566171011,-0.6413273454671773,0.1219645728206646,0.672040974663,-0.6317701158258866,0.09558240859810141
7500,12254.943,0.6777616946242866,-0.6327177154685479,0.10083584916336895,0.672040974663,-0.6261370224662208,0.07746657141463656
7525,12255.315,0.6788078292595421,-0.623575003145767,0.08196278227074907,0.672040974663,-0.6240361227568945,0.05911279229956467
7550,12255.695,0.6787334392723435,-0.6189191933416643,0.06338215273516211,0.672040974663,-0.6254298199524806,0.040192620371605536
7575,12256.07,0.6769778098686999,-0.6204919407068767,0.04290397588404577,0.672040974663,-0.6302842476570454,0.02211035641943271
7600,12256.448,0.6758203012326036,-0.6250804768382164,0.022556207406805254,0.672040974663,-0.6385537442177016,0.0050360855920627765
7625,12256.833,0.6760589366539095,-0.6331529710433349,0.005867033076516987,0.672040974663,-0.6501007910760994,-0.010391192311752312
7650,12257.212,0.674412184486762,-0.6432577808390623,-0.011568826775652602,0.672040974663,-0.6641118358847978,-0.02310810180898519
7675,12257.581,0.6724898221161361,-0.6556302850408168,-0.025824864267740156,0.672040974663,-0.6798633059771686,-0.03276036461757004
7700,12257.96,0.6711164373766905,-0.6717734342933707,-0.03916106274995484,0.672040974663,-0.6974105669042252,-0.03943073649672747
7725,12258.343,0.6696654695511827,-0.6870458171022389,-0.05091609604461608,0.672040974663,-0.7162940445147566,-0.04273576326005568
7750,12258.717,0.6673315678384324,-0.7014552252045626,-0.056384138793098566,0.672040974663,-0.735014047509229,-0.04242717638114191
7775,12259.095,0.6665181238348729,-0.7216998291575184,-0.05625183679022449,0.672040974663,-0.7533484292609067,-0.038634527734266705
7800,12259.473,0.6665355504069422,-0.7440210666970574,-0.05122861041926067,0.672040974663,-0.770875503440663,-0.03137388255973832
7825,12259.84,0.6667079803887922,-0.7622231733049604,-0.04432202253125407,0.672040974663,-0.7861299218405701,-0.021401830460828913
7850,12260.212,0.6663959788108329,-0.7789373216471303,-0.0339436117783438,0.672040974663,-0.7996492178721732,-0.00844951897658898
7875,12260.588,0.6657307650207509,-0.7943732413969482,-0.02016898824134311,0.672040974663,-0.8105172118737849,0.006795822749847566
7900,12260.973,0.6647781073634103,-0.8081445830964924,-0.004243565056642008,0.672040974663,-0.8185175944549445,0.02427190601685123
7925,12261.353,0.6637516046953437,-0.8157028535394243,0.01122427144033672,0.672040974663,-0.8229914600951591,0.042708278325139654
7950,12261.735,0.6636012712387591,-0.8214921546327788,0.02948903179811375,0.672040974663,-0.8239005837491553,0.06170774767869843
7975,12262.121,0.6648039781674099,-0.8250568544816157,0.05028143014885936,0.672040974663,-0.8211602499650482,0.08068140044577093
8000,12262.485,0.6661674882060715,-0.8225955794469533,0.07249996334992838,0.672040974663,-0.8152428330859249,0.09791866476646441
8025,12262.876,0.6669899332889261,-0.8174177909996407,0.0952901825092658,0.672040974663,-0.8055495991372472,0.11486056378965342
8050,12263.243,0.6676861728276677,-0.8123077955372366,0.11540132743460317,0.672040974663,-0.7935446968001524,0.1288362676844567
8075,12263.629,0.668692806274132,-0.8025235878243664,0.13417841924798304,0.672040974663,-0.7785106165555292,0.14081107620060423
8100,12264.001,0.6694444340465213,-0.7871895954809368,0.14859082403089255,0.672040974663,-0.7619264331861678,0.14950006923468417
8125,12264.374,0.6701256331857607,-0.7708046984251726,0.16059853072672456,0.672040974663,-0.7442581447833099,0.15489511995829008
8150,12264.743,0.6720607043672284,-0.754865431158502,0.1680043201040673,0.672040974663,-0.7258989427468261,0.15694809048342273
8175,12265.137,0.6741937170159767,-0.7323218541343705,0.16999476903746183,0.672040974663,-0.7062439167713672,0.1553744974557057
8200,12265.518,0.675656731681993,-0.7098782429935587,0.16621247120491323,0.672040974663,-0.6879783425700273,0.15024769565063972
8225,12265.888,0.6761080753444637,-0.6903897375213872,0.1615069079265449,0.672040974663,-0.6714343625642323,0.14202749413457588
8250,12266.261,0.6764964264167905,-0.6731831794967003,0.15433796329267746,0.672040974663,-0.6565001268597337,0.13073580064345713
8275,12266.639,0.6770595013365279,-0.6579341915871203,0.14304100597153196,0.672040974663,-0.6439324477212734,0.11685822235877047
8300,12267.015,0.6776734380693185,-0.6452393366537019,0.12801465398863443,0.672040974663,-0.634171864703459,0.10088121521953294
8325,12267.395,0.6779355902530291,-0.6368010112501132,0.11192314442946426,0.672040974663,-0.6274948232724883,0.08312361359706763
8350,12267.768,0.6787849169031819,-0.6266246329652461,0.08966357496462997,0.672040974663,-0.6243105796399137,0.06467383499505447
8375,12268.16,0.6787663286967212,-0.6208687672883909,0.06937842480190147,0.672040974663,-0.6247066294737434,0.04520874435719781
8400,12268.52,0.6777885102937286,-0.6211900443039052,0.04908596378061327,0.672040974663,-0.6284159289039462,0.027619905794846543
8425,12268.898,0.6771964731088665,-0.6242651336519432,0.028145847710791573,0.672040974663,-0.6356785198827948,0.010093637797053495
8450,12269.278,0.6758519378043257,-0.6266442282177548,0.011667760730451667,0.672040974663,-0.6461204065890248,-0.005745626695571757
8475,12269.673,0.6752504563855519,-0.6388631627677845,-0.007753303575576732,0.672040974663,-0.6599397850007661,-0.019810512810501307
8500,12270.045,0.6733431616137477,-0.6529301443470917,-0.02192135781907398,0.672040974663,-0.6751994981406312,-0.03031089684548338
8525,12270.417,0.6720273724564816,-0.666127498478474,-0.035918459594200265,0.672040974663,-0.6920393210193616,-0.037784740895996705
8550,12270.789,0.6701945840201347,-0.6797442861922313,-0.048060937984998796,0.672040974663,-0.7102615420673491,-0.0420840894574854
8575,12271.165,0.6681166591443523,-0.6962834829672889,-0.05479819966733295,0.672040974663,-0.7292154781538559,-0.04289870868456852
8600,12271.55,0.666691715599943,-0.7174865704261414,-0.055161021441541086,0.672040974663,-0.7479821717499114,-0.040119048790831446
8625,12271.942,0.6667708484015087,-0.739405802571906,-0.05238326820946957,0.672040974663,-0.7665660794979625,-0.03352855458138332
8650,12272.316,0.6667368895982523,-0.7580396995737321,-0.046195965543648236,0.672040974663,-0.7826887262238388,-0.024010466510374306
8675,12272.683,0.6663983854799245,-0.7749896895521555,-0.03674129026208351,0.672040974663,-0.7964105867404337,-0.0120167328237403
8700,12273.058,0.6656745542847661,-0.7913561659681391,-0.02345432327519058,0.672040974663,-0.8080274123555856,0.002729439210913752
8725,12273.433,0.6646989118162941,-0.8035568736339083,-0.01057644996261322,0.672040974663,-0.8166459454741786,0.019294252767109006
8750,12273.809,0.6639002845600924,-0.8130938078455043,0.005931841796964956,0.672040974663,-0.8220445126351614,0.03722158415198758
8775,12274.19,0.6641321731205405,-0.8205198688611695,0.024412542048058785,0.672040974663,-0.8240111214609913,0.05634099987335142
8800,12274.574,0.6652911952689261,-0.8246489721171582,0.04569765111315073,0.672040974663,-0.8223204450174183,0.0752869217220824
8825,12274.948,0.6657516169800499,-0.8227267300185309,0.06629750736516726,0.672040974663,-0.8171095031078662,0.09347689830840225
8850,12275.325,0.665845914520452,-0.8196284048406702,0.08769809092058746,0.672040974663,-0.8088048527196148,0.10997864880107458
8875,12275.709,0.6669141593413177,-0.8159959341552978,0.10813249074103601,0.672040974663,-0.7970624791545493,0.1252577802466126
8900,12276.086,0.6677160525992495,-0.8068706840769584,0.12651372745572634,0.672040974663,-0.7830926771701925,0.13764796966347198
8925,12276.455,0.6672827424814649,-0.7912740512857087,0.1426631326147809,0.672040974663,-0.7672433659160487,0.14713871885234592
8950,12276.823,0.6677030676714935,-0.7781114118395502,0.15575830559276976,0.672040974663,-0.7499187129230368,0.15355209441169232
8975,12277.205,0.6708220667591749,-0.7611993090031288,0.16675935566586664,0.672040974663,-0.7312113543838563,0.15670646188284548
9000,12277.583,0.6739882731847427,-0.7403879691191596,0.17058042262586856,0.672040974663,-0.7121952676195086,0.15626511654654499
9025,12277.958,0.6758313506797382,-0.7157139823408845,0.16916965244131077,0.672040974663,-0.6939403702904273,0.15233690005906675
9050,12278.316,0.676661723932907,-0.6979574400052733,0.16607436781360915,0.672040974663,-0.6773520001173597,0.14541215318716644
9075,12278.696,0.6772727817067208,-0.6793294082434832,0.15826717468379767,0.672040974663,-0.6614878353850624,0.1350081359342195
9100,12279.068,0.6774510295157796,-0.6623264190887536,0.1461202030303915,0.672040974663,-0.6481339755878565,0.12209929495875237
9125,12279.448,0.6773466759178953,-0.6485176440127274,0.1320086301565587,0.672040974663,-0.6373726915654648,0.10690027316176348
9150,12279.808,0.6771824808603333,-0.6393549712589693,0.11884581384088334,0.672040974663,-0.6297489993893459,0.09034677137553808
9175,12280.18,0.6778186768120957,-0.6305703811421699,0.09867873671097573,0.672040974663,-0.6252171976771248,0.07243761839069239
9200,12280.561,0.6782813009866463,-0.6240832297050731,0.0764880285157373,0.672040974663,-0.6240821038030552,0.053250873755470475
9225,12280.931,0.6783768292475229,-0.6220580674221651,0.056054005203517145,0.672040974663,-0.6264706623521468,0.034932310071207326
9250,12281.3,0.67780118963562,-0.6208891762642661,0.03776520430716492,0.672040974663,-0.6320893860373896,0.01759538277910403
9275,12281.666,0.6766358352030777,-0.6234484588498713,0.0193657354252237,0.672040974663,-0.6409000142956579,0.0013581472665099084
9300,12282.033,0.6762084975391692,-0.6347603331425156,0.0012430864140941201,0.672040974663,-0.6523724388759468,-0.01280245222759234
9325,12282.398,0.6755502846394161,-0.6445454708085446,-0.013167014154438009,0.672040974663,-0.6662243290847769,-0.024645772768103924
9350,12282.765,0.6737475066112139,-0.6560861072324522,-0.029491612477035103,0.672040974663,-0.6819956094821823,-0.03377845136801104
9375,12283.149,0.6711876353853797,-0.6700843697820281,-0.042506055480384754,0.672040974663,-0.7001323108577002,-0.04014081500234168
9400,12283.535,0.668508218179491,-0.6883403945831701,-0.05037835885752826,0.672040974663,-0.7191512144420422,-0.042915867118910184
9425,12283.908,0.6676223517430468,-0.7087682856311041,-0.0552117807637428,0.672040974663,-0.7378547126668327,-0.042071537722196975
9450,12284.281,0.6670191168398554,-0.727369513759275,-0.05522549465006277,0.672040974663,-0.7558361110919214,-0.03783546665672688
9475,12284.66,0.666565263125906,-0.7473874270120119,-0.05000016744588751,0.672040974663,-0.7731675077423006,-0.030119380355774494
9500,12285.026,0.6660981108980412,-0.7663242452644862,-0.04086442394953899,0.672040974663,-0.7883477795669497,-0.019591591664731206
9525,12285.399,0.6659377767783579,-0.7821554799265571,-0.03195309541812812,0.672040974663,-0.8013324688024493,-0.006451088141108438
9550,12285.775,0.6650374023051409,-0.7958831575069042,-0.019925725880926323,0.672040974663,-0.8119179046504019,0.009292604105691965
9575,12286.142,0.6645328027531683,-0.8070130633175573,-0.0056155151216106276,0.672040974663,-0.8191102291618492,0.026038038465684574
9600,12286.528,0.6646451689850086,-0.8159033399498444,0.012177798624450838,0.672040974663,-0.8232766674555013,0.04485228802862927
9625,12286.902,0.6643873031052562,-0.8201942065480973,0.031448274182479335,0.672040974663,-0.8237982064168221,0.0635177684237227
9650,12287.282,0.6649486312184576,-0.8231039496999337,0.05259680537318035,0.672040974663,-0.8207651131991522,0.08224517195943587
9675,12287.652,0.666800988559719,-0.8243570713694971,0.07619705147765188,0.672040974663,-0.8144641215239321,0.09961101461973612
9700,12288.021,0.668226694262586,-0.8191267251447387,0.09655506626961467,0.672040974663,-0.8050762618322382,0.11552148531691887
9725,12288.398,0.6675749642546671,-0.8111553981383347,0.1171782727020606,0.672040974663,-0.7927042053557205,0.1296399996010183
9750,12288.768,0.667537194951441,-0.8025826382712916,0.13528065705354553,0.672040974663,-0.7782059517203743,0.14100831614306786
9775,12289.161,0.6696046852286104,-0.7901194682572583,0.15105620087600913,0.672040974663,-0.7606152409277289,0.15002650729772993
9800,12289.548,0.6717232766599397,-0.770554224919594,0.1609776598224367,0.672040974663,-0.7421845949062343,0.15530099455282154
9825,12289.927,0.6724172218484344,-0.750046562351137,0.16593318760481268,0.672040974663,-0.7232361238025778,0.15696285627058587
9850,12290.295,0.6732080136746365,-0.729557206106626,0.16795521032658625,0.672040974663,-0.7051498123276714,0.1551706471950946
9875,12290.669,0.6747906207760677,-0.7093492784917635,0.16662464232230104,0.672040974663,-0.6871747294311868,0.1499332687631496
9900,12291.043,0.676695032946965,-0.689722824912597,0.1609035112968614,0.672040974663,-0.6704909547907141,0.14143706951167173
9925,12291.403,0.6776471214147346,-0.6725012376983943,0.154781059658379,0.672040974663,-0.6562328325917839,0.13049028479670943
9950,12291.778,0.6778676861519177,-0.6593897968518966,0.1456321606272276,0.672040974663,-0.643715603199509,0.11656718505864591
9975,12292.164,0.6772674211250032,-0.6461506243717045,0.1296652290846421,0.672040974663,-0.6337962520470836,0.10010431530531792
10000,12292.536,0.6767779068097304,-0.6366332454763475,0.11090895199107169,0.672040974663,-0.6273363064656072,0.08253152835904046
10025,12292.906,0.6778983875664446,-0.6288135500688969,0.0877943874988434,0.672040974663,-0.6243019379677959,0.06456122753790015
10050,12293.301,0.6779987479844928,-0.6214980779630328,0.06498686574518162,0.672040974663,-0.6247560257373443,0.04479877115742799
10075,12293.644,0.6769378280002134,-0.6181817252877867,0.04693398367254159,0.672040974663,-0.628303058360283,0.027990144378068176
10100,12294.019,0.6755354976693982,-0.6189698821203105,0.028091730554755386,0.672040974663,-0.6353817094687466,0.010657330513621867
10125,12294.411,0.6772243737729601,-0.62854247858691,0.011152553729418141,0.672040974663,-0.6461912817195301,-0.005833557542147955
10150,12294.792,0.6768081993679256,-0.6403884211996774,-0.005263536313549659,0.672040974663,-0.6594519757473786,-0.019400771388634705
10175,12295.164,0.6738077569202603,-0.650604712695621,-0.020956518621100893,0.672040974663,-0.6746444857878142,-0.029998155436801427
10200,12295.538,0.6709674097503008,-0.6662747776860197,-0.0341534468235537,0.672040974663,-0.6916728183518994,-0.03766027337864432
10225,12295.916,0.6700751227360646,-0.6827469193180788,-0.04595380874101701,0.672040974663,-0.7101753129688727,-0.04207207963957081
10250,12296.293,0.6690048265223418,-0.6989849293311824,-0.05397543726282782,0.672040974663,-0.7288788442405018,-0.042915676667829195
10275,12296.66,0.666941599443569,-0.7158659782782569,-0.05604159065945595,0.672040974663,-0.7468767308377433,-0.040385310257516516
10300,12297.044,0.6660961964930294,-0.7360512547401961,-0.052995626259360565,0.672040974663,-0.7650789943545288,-0.03421301646463276
10325,12297.421,0.6665281521354071,-0.7562585476155178,-0.047323435040244596,0.672040974663,-0.781559926310412,-0.024816518206311963
10350,12297.803,0.666453393772688,-0.7743404513129771,-0.03744766321235536,0.672040974663,-0.7960043712265946,-0.012440559552597902
10375,12298.179,0.66608365029283,-0.7893902930921186,-0.025146437229286733,0.672040974663,-0.8077349191464767,0.0022790149494461426
10400,12298.552,0.6655869595830717,-0.8030718984788435,-0.010348188311913689,0.672040974663,-0.8164040759891171,0.018704892900138242
10425,12298.919,0.6646351377745536,-0.8122347899067125,0.004833501070996954,0.672040974663,-0.8218136755439296,0.03610820685014958
10450,12299.298,0.6642518748081798,-0.8192608195942221,0.02255378966671489,0.672040974663,-0.8239928349878383,0.05495407010368897
10475,12299.679,0.6650322884669553,-0.8247562864174995,0.04392522965321249,0.672040974663,-0.8225651043287545,0.07392161941033865
10500,12300.053,0.6657509523420547,-0.824493027529055,0.06596184121939483,0.672040974663,-0.817659680807662,0.0920416924545395
10525,12300.426,0.665614674137541,-0.8196330694656005,0.08598282676910082,0.672040974663,-0.8095319923072213,0.10879747286108438
10550,12300.806,0.6662434736547824,-0.8150819649105601,0.10686870461580826,0.672040974663,-0.7982041555795104,0.12401573204953441
10575,12301.162,0.6673400045197135,-0.811236538842003,0.12489999388463059,0.672040974663,-0.7851995259352947,0.13606213287739677
10600,12301.547,0.666776474704754,-0.794904099091416,0.14034471696513803,0.672040974663,-0.7689371849699913,0.14630693029503178
10625,12301.923,0.6676709486271222,-0.7782851272808581,0.15458672066650841,0.672040974663,-0.7514963468168504,0.15311508000628515
10650,12302.287,0.6702209592164818,-0.7630605054160587,0.1654450900023164,0.672040974663,-0.7335899466651274,0.15650623576637096
10675,12302.665,0.6735000505748443,-0.7438527438934078,0.1712046000598167,0.672040974663,-0.7146185208925004,0.1565236084524682
10700,12303.038,0.6760678654508606,-0.7202924133473182,0.16993756720413195,0.672040974663,-0.6964655271561073,0.15309668478831034
10725,12303.415,0.6770969361030926,-0.6994870532608559,0.16654813870179755,0.672040974663,-0.6790292444367497,0.14627687666010555
10750,12303.805,0.6773878477688642,-0.6796322157679183,0.15879937530235952,0.672040974663,-0.6625763094277286,0.1358678642863857
