0,16024.563,0.5796873982367925,-0.1833094518140987,0.11368176708516764,0.672040974663,-0.630112304979036,0.09135548943979521
25,16025.012,0.856256877043038,-0.12855159559714227,0.25015912476732066,0.672040974663,-0.6248512286580697,0.06988595443651303
50,16025.401,0.912223424634432,-0.5378809430273802,0.05602397026491651,0.672040974663,-0.6242471637148851,0.05012751362158703
75,16025.783,0.6490619597217788,-0.7867878443432081,-0.042302669686503445,0.672040974663,-0.6273212464651288,0.031457238341338865
100,16026.172,0.31149487475732024,-0.8480531848616112,-0.19021707762870316,0.672040974663,-0.6340965019832258,0.013205046098437659
125,16026.565,0.1295057405557136,-0.856724782486941,-0.3004600136584106,0.672040974663,-0.644280014666228,-0.003388406780407721
150,16026.964,0.23967176711365568,-0.9189889335057797,-0.21064896188833004,0.672040974663,-0.6578599120814341,-0.018025852915813975
175,16027.342,0.4927854457149144,-0.9281450922352863,-0.028015134842383965,0.672040974663,-0.673213243612289,-0.02916993244532999
200,16027.748,0.7271280824331123,-0.7752444738241066,0.10723040662427824,0.672040974663,-0.691574781058159,-0.03762671056243848
225,16028.143,0.8247286321924784,-0.5412711470329918,0.11847929685516301,0.672040974663,-0.7108157559089032,-0.04215945417773004
250,16028.546,0.8123474831723052,-0.38455652316455474,0.04004101116542867,0.672040974663,-0.7309715153431982,-0.04279173211258548
275,16028.91,0.7633853026234335,-0.38600015101791674,-0.08159280453323454,0.672040974663,-0.7487186543951597,-0.03993425075499879
300,16029.299,0.6699670862924587,-0.4760668581564442,-0.19325014080186434,0.672040974663,-0.7670264275903333,-0.033310652817215416
325,16029.694,0.5696477204087456,-0.6152139134426059,-0.2194127250480505,0.672040974663,-0.7839041850251525,-0.023115676354062198
350,16030.087,0.5101943045982679,-0.8045651267078981,-0.16948038419064562,0.672040974663,-0.7984533985687252,-0.00980715929269163
375,16030.486,0.5004766960571593,-0.9562161576721778,-0.04304097187027714,0.672040974663,-0.8102353021031636,0.0063128652818319544
400,16030.864,0.5357203678915432,-0.9979855206901403,0.07770680725445815,0.672040974663,-0.818166000027134,0.023272752321951896
425,16031.25,0.6012687564339396,-0.9663749925225816,0.1523623412572452,0.672040974663,-0.8228728460107092,0.04190780554664296
450,16031.642,0.6648811307289271,-0.8964194907614526,0.1534110297889989,0.672040974663,-0.8239033741549424,0.06164859807462631
475,16032.024,0.7113281952205618,-0.7771888280578081,0.10170557828045515,0.672040974663,-0.8212331174715367,0.08038089353034446
500,16032.403,0.7222649118302439,-0.6709202497125221,0.03087253993553178,0.672040974663,-0.8150614338179718,0.09832039236764206
525,16032.798,0.7049591602849667,-0.5990687654869735,-0.019596137337354498,0.672040974663,-0.8051769474568935,0.11538184513376071
550,16033.168,0.6797538245701616,-0.5906597347619779,-0.030519825054457737,0.672040974663,-0.7930465721719144,0.12931486285579097
575,16033.552,0.6604277796345451,-0.650514801715371,0.003504422815119839,0.672040974663,-0.7779301311498786,0.14118553337703793
600,16033.94,0.642615642877272,-0.7521859209342179,0.07317716284670757,0.672040974663,-0.7607753941664259,0.14996335734999028
625,16034.321,0.6188319892503129,-0.827076937582209,0.1570181194138534,0.672040974663,-0.742353855690118,0.15526956585886573
650,16034.707,0.5972276198989991,-0.8492122573100916,0.20898161027745651,0.672040974663,-0.7232082786251925,0.15696263604381563
675,16035.094,0.5959696551881268,-0.8343435885863086,0.19700689785234365,0.672040974663,-0.7040924322728634,0.1549616297883746
700,16035.486,0.6136553238390337,-0.7792437384266117,0.1390944355628614,0.672040974663,-0.6852511011919987,0.1491478114033474
725,16035.855,0.6351685002438114,-0.6783090774456034,0.08280736598009518,0.672040974663,-0.6689559780441973,0.1404447114388816
750,16036.242,0.6574596992073687,-0.5754504255171411,0.05166975283745832,0.672040974663,-0.654002323749149,0.12836962009246305
775,16036.645,0.6736300077595297,-0.5041080379341559,0.06027146658696066,0.672040974663,-0.6411841178808134,0.1129959027513845
800,16037.033,0.6866707242268582,-0.5151568725816932,0.07580320070973806,0.672040974663,-0.6318777274015772,0.0958384605427185
825,16037.414,0.686102006960976,-0.5733710365693712,0.07512042330497243,0.672040974663,-0.62620473826106,0.0777872456803563
850,16037.791,0.6674256225914255,-0.6420259832496241,0.0631294538800583,0.672040974663,-0.624033572779855,0.05899056500932251
875,16038.185,0.639574328668894,-0.689521537480644,0.03856315914084648,0.672040974663,-0.6255798736758359,0.03933337307740202
900,16038.572,0.6188688689936777,-0.6949991054030036,0.005485484268495851,0.672040974663,-0.6307894445111322,0.020780864719133957
925,16038.947,0.6147639629087691,-0.6735862498864386,-0.031043922392621316,0.672040974663,-0.6391683510037269,0.004037876217577618
950,16039.333,0.6286854719322019,-0.639618254316893,-0.06203122558044475,0.672040974663,-0.6508272649212583,-0.011179832375944249
975,16039.733,0.6503096278621587,-0.6037581721799994,-0.07659159239318063,0.672040974663,-0.6658245705421556,-0.024361230909022882
1000,16040.119,0.6690092157650923,-0.5804841968793363,-0.07650659758787537,0.672040974663,-0.6824583272172239,-0.03399127486919194
1025,16040.51,0.6782843676645377,-0.5907154186922601,-0.07310356313322286,0.672040974663,-0.701016291993071,-0.04035394882157657
1050,16040.885,0.6780916586521898,-0.6362509937075861,-0.07238848841064185,0.672040974663,-0.719659988324032,-0.04293933373311057
1075,16041.27,0.6689960681029128,-0.6954601515063035,-0.07071114824273599,0.672040974663,-0.7388535904502125,-0.04192678979725198
1100,16041.653,0.6530464874438768,-0.7480840590559474,-0.06383519587403556,0.672040974663,-0.7572632833164051,-0.037344377089350525
1125,16042.031,0.6383314266021185,-0.7810162830501041,-0.05656111232606746,0.672040974663,-0.7742602591335833,-0.029493482169332938
1150,16042.398,0.630498413111064,-0.7980811080421774,-0.05250480609179171,0.672040974663,-0.7893067527207001,-0.018775365817580783
1175,16042.782,0.6310044847966734,-0.8005919777516263,-0.049496430523459506,0.672040974663,-0.8025910220746049,-0.0048848008350801525
1200,16043.176,0.6394026975183065,-0.7901262154963127,-0.044298510601573235,0.672040974663,-0.8130863778920625,0.011513190361169642
1225,16043.56,0.65166661719198,-0.7763767878000751,-0.03454532307345234,0.672040974663,-0.8202054403234365,0.02963405013948938
1250,16043.942,0.6651482660364691,-0.7639015407573385,-0.01535404315247706,0.672040974663,-0.823618697671214,0.04809346240874392
1275,16044.327,0.6734500901105973,-0.7608719027685334,0.009620863340286159,0.672040974663,-0.8234554010938941,0.06751213204877132
1300,16044.712,0.6758343085788774,-0.7689888947203699,0.039205365905909687,0.672040974663,-0.8196009643613288,0.08634197339890855
1325,16045.102,0.6715574316762021,-0.784766594759144,0.0697467660735278,0.672040974663,-0.8120972461924906,0.10430696220083935
1350,16045.502,0.6617702915187323,-0.7983101651017446,0.09603105759649874,0.672040974663,-0.8009362050009634,0.12086291589416306
1375,16045.902,0.6502541023845745,-0.8023919244227464,0.11395132070144026,0.672040974663,-0.7867084813143143,0.1348714961887827
1400,16046.304,0.6416666001862011,-0.793942928268625,0.12226008758174957,0.672040974663,-0.7699812895777501,0.14577422519498417
1425,16046.695,0.6394117179915622,-0.7744507337472243,0.12355039317089538,0.672040974663,-0.7519019983866829,0.1529982018726495
1450,16047.09,0.6437380711503168,-0.7470910438995305,0.12268736637690451,0.672040974663,-0.7325165192971147,0.15660367570797035
1475,16047.509,0.6538470911552642,-0.7114621057192246,0.12304309668476605,0.672040974663,-0.7115592203328066,0.15618735175022216
1500,16047.896,0.6641484569983322,-0.6800410810957723,0.12546925408298681,0.672040974663,-0.6925694480529341,0.15189373348942645
1525,16048.282,0.6709566465176708,-0.6579537462158709,0.126898118488952,0.672040974663,-0.674989279479337,0.144124738655854
1550,16048.659,0.6731476960510518,-0.6445294423016611,0.12364837593202115,0.672040974663,-0.6596018045662334,0.13345893564935218
1575,16049.044,0.6705014437806438,-0.6385696897650917,0.11287574123940465,0.672040974663,-0.6461574029349975,0.11972330051375735
1600,16049.419,0.6649516834887256,-0.6359417039591411,0.09477209037776801,0.672040974663,-0.6358237638102172,0.10411081703374347
1625,16049.811,0.6589919303753373,-0.6328237792562391,0.07181782437079526,0.672040974663,-0.628272985286924,0.08584208359157201
1650,16050.202,0.6549645317979867,-0.6265380872041303,0.04735759821406863,0.672040974663,-0.6244971414138459,0.06679334611616894
1675,16050.6,0.654655694836986,-0.6184198418995518,0.024260839717904548,0.672040974663,-0.624478965141524,0.04732423523173326
1700,16050.989,0.6574500091338233,-0.6123809427736003,0.005398742390330554,0.672040974663,-0.6283057579605527,0.02798122879961234
1725,16051.361,0.661226559381721,-0.6117614696854838,-0.010269067590983165,0.672040974663,-0.6352705087267583,0.01087078654471619
1750,16051.76,0.6643117826057212,-0.6177578547182189,-0.025392658950577768,0.672040974663,-0.6461971320317202,-0.0058408066266695535
1775,16052.147,0.6651954632654511,-0.6299596353069516,-0.03843398732120119,0.672040974663,-0.6598417584633987,-0.019728599055662557
1800,16052.53,0.6640822158400405,-0.6468560467344213,-0.0503196469392772,0.672040974663,-0.6756997393960934,-0.030588803866735764
1825,16052.904,0.6615532258282706,-0.6658369581362878,-0.06035275945394653,0.672040974663,-0.6926295256190215,-0.03798186316850337
1850,16053.309,0.6583517880339724,-0.6862027124440256,-0.06836174613805601,0.672040974663,-0.7123665726966445,-0.04235360494424689
1875,16053.699,0.6559679029871256,-0.7045583485048497,-0.07269598817036448,0.672040974663,-0.7318320924348238,-0.04272797151577416
1900,16054.074,0.6550208619468124,-0.72056537561659,-0.07337312315826838,0.672040974663,-0.750278312521562,-0.03952317784277215
1925,16054.463,0.6554194234486425,-0.7361502700140008,-0.070085376681827,0.672040974663,-0.7684768743867155,-0.032605161143781966
1950,16054.834,0.6569447074096455,-0.7513913560218367,-0.06176806811843332,0.672040974663,-0.7841944367624655,-0.02289778145813795
1975,16055.23,0.6587638198973682,-0.7648749467391931,-0.04936927428192138,0.672040974663,-0.7986952528472042,-0.009536547458636926
2000,16055.619,0.6603485142147696,-0.7776050328246228,-0.034044427119288505,0.672040974663,-0.8101657953951863,0.006194735472588364
2025,16056.017,0.6612125929382076,-0.7902767541135637,-0.01479033854008869,0.672040974663,-0.8185514548352476,0.024369946676910684
2050,16056.395,0.6611807967301137,-0.7997754402295552,0.005054860931040058,0.672040974663,-0.8229991054449163,0.042761454713227495
2075,16056.789,0.6603783262115728,-0.8064841812257335,0.027142276407268177,0.672040974663,-0.823875430680965,0.06221084192948681
2100,16057.175,0.6593025667712618,-0.809085415933186,0.04887855052175627,0.672040974663,-0.821027442965065,0.08121896055733237
2125,16057.56,0.6584869019532967,-0.8077396847767503,0.06894187278239479,0.672040974663,-0.8145955542291837,0.09933112263394296
2150,16057.932,0.6582815138079414,-0.8019982264470873,0.08709560062064216,0.672040974663,-0.8051109215498269,0.11547347317259041
2175,16058.316,0.6589962992629823,-0.7915832603712504,0.10444293616706037,0.672040974663,-0.7924196822813091,0.12990787837784212
2200,16058.704,0.6604903808871869,-0.7778599649718156,0.11875655491390077,0.672040974663,-0.7772013687659934,0.1416476629393122
2225,16059.087,0.6623843250353367,-0.7611138031052901,0.13057486336239058,0.672040974663,-0.7600181753449857,0.15025913619613207
2250,16059.478,0.6642929192492544,-0.742153314393467,0.1393512677055201,0.672040974663,-0.7412586827228644,0.1554675952361388
2275,16059.846,0.6658351550190025,-0.7242620281223312,0.14392433355347453,0.672040974663,-0.7228453579123334,0.15695905653814357
2300,16060.228,0.6669458745029098,-0.7060121382892753,0.14483221700356788,0.672040974663,-0.7039817700020847,0.15493906920926293
2325,16060.62,0.6673861745185012,-0.6873392158676521,0.141244656874934,0.672040974663,-0.685377483447553,0.14920085251727583
2350,16061.005,0.6671997546550009,-0.6707184241348155,0.13371292055577425,0.672040974663,-0.6682376658448644,0.13996650026311686
2375,16061.381,0.6667231886920622,-0.655016582462354,0.12158277014525548,0.672040974663,-0.6537436336951232,0.12811505435904408
2400,16061.764,0.6665104461695526,-0.6426884547970804,0.10684684329560307,0.672040974663,-0.6415710305451443,0.11356366163499046
2425,16062.15,0.6663746061968902,-0.6315721383788814,0.08917887633150105,0.672040974663,-0.6322659057684845,0.09674598460482484
2450,16062.548,0.6663267633089476,-0.6216664414859298,0.06879089425887482,0.672040974663,-0.6261916529621534,0.07772568239851849
2475,16062.923,0.6664469815838112,-0.6160024678845841,0.050204695444332974,0.672040974663,-0.6240364417586891,0.059127596404434116
2500,16063.311,0.666640782524668,-0.6142840924960185,0.03016336016516937,0.672040974663,-0.6255123625779999,0.039714501165847044
2525,16063.692,0.6665452396183367,-0.6163572131941951,0.011075749223210049,0.672040974663,-0.6305430335368108,0.02142221734559393
2550,16064.07,0.6661989446588413,-0.6221983076556137,-0.007253527129088363,0.672040974663,-0.638937834232695,0.004409204122491295
2575,16064.439,0.6656468918768728,-0.6309152052502056,-0.02270913265190043,0.672040974663,-0.6498891125491114,-0.010158177489149586
2600,16064.844,0.6647710828925208,-0.6440268549996742,-0.038047380499090074,0.672040974663,-0.6649036128959949,-0.023694348765826323
2625,16065.238,0.6638719977167666,-0.6598937845644272,-0.05062133508677699,0.672040974663,-0.6818797214556154,-0.03372470166514256
2650,16065.635,0.6630941730995084,-0.676387843532552,-0.05923096672791754,0.672040974663,-0.7005425593123864,-0.04024078645747105
2675,16066.028,0.6624652546716292,-0.6936308284692813,-0.06442290451104672,0.672040974663,-0.7200226107267779,-0.0429544747274585
2700,16066.396,0.662004548662777,-0.7120546335745775,-0.06612413380629302,0.672040974663,-0.7384707048716372,-0.04198349078359108
2725,16066.781,0.6615912315871713,-0.7302771443140094,-0.06388496019285646,0.672040974663,-0.7571339891401335,-0.03738986170480545
2750,16067.165,0.6612378515242976,-0.7466322073241329,-0.05828187093199517,0.672040974663,-0.7745737218539491,-0.029310546717082914
2775,16067.562,0.6610013738585184,-0.7639351177850418,-0.04844690734347878,0.672040974663,-0.7905198663036269,-0.0177124124576737
2800,16067.945,0.6610238157305394,-0.7786657231387838,-0.035920962663483345,0.672040974663,-0.803517756088048,-0.0036889314838906354
2825,16068.322,0.6611777691202145,-0.79176491884423,-0.019663494612076254,0.672040974663,-0.8134752853056182,0.012283521048613744
2850,16068.712,0.6613132362175067,-0.8014559696389688,-0.0009864866660392068,0.672040974663,-0.8204509510414988,0.030513354137180242
2875,16069.094,0.6615369479874491,-0.807994571146158,0.018982027450816338,0.672040974663,-0.8237073773258862,0.04915269027476686
2900,16069.481,0.6619781699887138,-0.8118237807038503,0.040206600063646555,0.672040974663,-0.8233318715903118,0.0686181880708644
2925,16069.855,0.6626668921103916,-0.8119676880671199,0.06218068301724303,0.672040974663,-0.8195677264624401,0.08644991023220107
2950,16070.246,0.6632733593150749,-0.8077666080568959,0.08266312056639946,0.672040974663,-0.8118054215984989,0.10484597139695298
2975,16070.635,0.6639875835998035,-0.8003510233344845,0.10147000856575066,0.672040974663,-0.8010237109226525,0.12075742396103482
3000,16071.014,0.6648188820697103,-0.7885735462092561,0.11920114337199011,0.672040974663,-0.7875902440775797,0.13415359006103703
3025,16071.403,0.6656973532671382,-0.7741116155729206,0.1324262626414853,0.672040974663,-0.7714289123659979,0.1450098309535166
3050,16071.787,0.6666970793279136,-0.756564900892677,0.1426408650103571,0.672040974663,-0.75390003281206,0.1523952708945125
3075,16072.18,0.667518168923109,-0.7386468451312544,0.14836158837727764,0.672040974663,-0.7346437365452234,0.15639921410268337
3100,16072.563,0.6679144272050647,-0.7205834754527572,0.15009494392894301,0.672040974663,-0.715424456191978,0.15659637014120154
3125,16072.941,0.6679992907630421,-0.7016920611115027,0.1484052875798927,0.672040974663,-0.6967629096364572,0.15318140633280725
3150,16073.324,0.6682952479517759,-0.683727413005585,0.14336028801337053,0.672040974663,-0.6790821381764204,0.14630349834919548
3175,16073.72,0.6688452203134452,-0.6683346385212883,0.13548013226927846,0.672040974663,-0.6624258884748526,0.13575050886792206
3200,16074.11,0.6696535071138089,-0.6521498784490807,0.12270342890871194,0.672040974663,-0.6483272835674349,0.12232382094156206
3225,16074.503,0.6701282550704566,-0.6389663836897815,0.10703832890604897,0.672040974663,-0.6369249669784119,0.10611525550887894
3250,16074.891,0.6703737451270801,-0.6289932878744509,0.08901353053881711,0.672040974663,-0.6290833749183413,0.08840394490258832
3275,16075.281,0.6704951499536005,-0.621753480421944,0.0677317231940933,0.672040974663,-0.6247908679878069,0.06941392138332522
3300,16075.664,0.6701307129772142,-0.6179768542306973,0.04692392121569218,0.672040974663,-0.6242287930639313,0.050401020149819994
3325,16076.043,0.6693637137002362,-0.6166968083600012,0.02603718480758629,0.672040974663,-0.6272516848336596,0.031722388263514714
3350,16076.438,0.6687229619937756,-0.6207296540328138,0.005496360603705528,0.672040974663,-0.6340859482309297,0.013226737830885814
3375,16076.828,0.6683274987401007,-0.6289929082822677,-0.011917746819300265,0.672040974663,-0.6442654578003539,-0.003369171120926752
3400,16077.226,0.668005190233484,-0.6405618350332729,-0.026556514247276848,0.672040974663,-0.6578418238481164,-0.01800989269165562
3425,16077.617,0.6675250232984019,-0.656196308362493,-0.03981389189391124,0.672040974663,-0.6736237178728964,-0.02941070099624267
3450,16078.013,0.6670095475490695,-0.672201691910493,-0.048969161955087465,0.672040974663,-0.6915519635540887,-0.037618882762483694
3475,16078.402,0.666292703735347,-0.6910854920809368,-0.05601313316327731,0.672040974663,-0.7104945379317643,-0.04211615804353469
3500,16078.791,0.6653365471457539,-0.7083136609486774,-0.0594410992216472,0.672040974663,-0.7299495278283246,-0.042857762476902775
3525,16079.181,0.6643037974723299,-0.7265188055749846,-0.059664307428050505,0.672040974663,-0.7491794984487321,-0.03981558579801177
3550,16079.568,0.6634518501131188,-0.7440672166337046,-0.05602663649326977,0.672040974663,-0.7672302317163878,-0.03321326527412663
3575,16079.921,0.6629639593563346,-0.7603286265982083,-0.04897338149010084,0.672040974663,-0.7825146476987783,-0.024136319318239993
3600,16080.317,0.6627479447270297,-0.7759305701364438,-0.03776821548236763,0.672040974663,-0.7972911426653597,-0.011080614143281639
3625,16080.716,0.6627286551661046,-0.7897458287115886,-0.022389747451265,0.672040974663,-0.809323133702143,0.004791228591764327
3650,16081.095,0.6629395237935332,-0.8007321352955215,-0.004626635106690324,0.672040974663,-0.8176415599081629,0.02184171489298415
3675,16081.463,0.6633405140414661,-0.8089289457226103,0.013703118104685363,0.672040974663,-0.8224613111263269,0.03941752503015257
3700,16081.835,0.663972082706009,-0.8141796200538453,0.034784832864924974,0.672040974663,-0.8240093731465784,0.057826177652718344
3725,16082.232,0.6646914723109384,-0.8159562965989801,0.05830159181952537,0.672040974663,-0.8218451888606635,0.07767522673702068
3750,16082.637,0.6652591184345882,-0.8129839245270895,0.08081490156616225,0.672040974663,-0.8156411203361728,0.0970196021396145
3775,16083.028,0.6658046063053917,-0.8064834146273598,0.10064177247298516,0.672040974663,-0.8062004913076423,0.11393278081704628
3800,16083.411,0.6665611832570026,-0.7953770885761334,0.1179624907390355,0.672040974663,-0.793783881576075,0.1286040933205041
3825,16083.799,0.667277824955882,-0.7847800502394737,0.13071924543432362,0.672040974663,-0.7787898014008667,0.14062894955663396
3850,16084.183,0.6660997314724588,-0.7749964041130796,0.1365714627654357,0.672040974663,-0.7617258581592234,0.14958199572637712
3875,16084.571,0.6624248478261708,-0.7474902296205991,0.14333787252225577,0.672040974663,-0.7431142898998296,0.1551246416002442
3900,16084.965,0.6648237576395793,-0.7274341698009879,0.15043540522896962,0.672040974663,-0.7237323931776553,0.15696548066390364
3925,16085.352,0.6704115391982134,-0.711921305326844,0.15517567728504889,0.672040974663,-0.704361135560037,0.1550158685684551
3950,16085.741,0.6739509588421965,-0.6957003255333519,0.15494435386999597,0.672040974663,-0.6857347779983716,0.1493497046992826
3975,16086.136,0.6740880204105032,-0.6810397509682056,0.1529843167829351,0.672040974663,-0.6683099485102552,0.14001502767205837
4000,16086.521,0.6733246739267341,-0.6621232488145381,0.1417546795995474,0.672040974663,-0.6536277975735668,0.12800046394608883
4025,16086.891,0.6731839859137901,-0.6472326039058838,0.12265474834532338,0.672040974663,-0.6417622678109649,0.11384121993909282
4050,16087.273,0.6722894121157057,-0.6342493952535962,0.09974799469614265,0.672040974663,-0.632400510095859,0.09705500236979447
4075,16087.656,0.6712215639206723,-0.6234577430527453,0.07818869730822874,0.672040974663,-0.6264779598766754,0.07903172030036187
4100,16088.061,0.6708502428662733,-0.6176447752019272,0.05444696982043777,0.672040974663,-0.6240330521955646,0.05896469311821711
4125,16088.442,0.6705975703505649,-0.6164472361730337,0.03590183727569316,0.672040974663,-0.6254973806167625,0.03980026382655703
4150,16088.825,0.6709583837219257,-0.6208890841501546,0.018251939244181066,0.672040974663,-0.6305121241460612,0.021503607165067197
4175,16089.197,0.67158041557411,-0.6295929371435032,0.002602494083318418,0.672040974663,-0.6385008882236587,0.005123169066674614
4200,16089.586,0.6716723635412912,-0.6405752455744212,-0.012293006525293306,0.672040974663,-0.6504372331421286,-0.010758535120088439
4225,16089.96,0.6710282843808941,-0.6523413871253306,-0.025695625165188488,0.672040974663,-0.6642305159615517,-0.02319674624053268
4250,16090.351,0.6697789362995421,-0.6674308263182512,-0.039438930568184635,0.672040974663,-0.6809414870152026,-0.03328288392250851
4275,16090.729,0.6682411662663823,-0.6816987426681106,-0.04957280070767434,0.672040974663,-0.6984707106911119,-0.0397170488712594
4300,16091.106,0.6668366691872155,-0.6966172606547683,-0.05646811367014679,0.672040974663,-0.7171897951373581,-0.04280106818877666
4325,16091.483,0.6656252196556641,-0.7138025161472253,-0.05966608199400228,0.672040974663,-0.7361544598213917,-0.0422943226162736
4350,16091.861,0.6649432604475192,-0.7316883962495196,-0.05829694612800406,0.672040974663,-0.7546821374499226,-0.03821505070210174
4375,16092.247,0.6646745845311435,-0.7512628256856082,-0.051697466588947937,0.672040974663,-0.7723250279089259,-0.030589565534041838
4400,16092.632,0.6646332279671565,-0.7679894834196157,-0.04161792772768976,0.672040974663,-0.7881831800549304,-0.019729610731449965
4425,16093.027,0.6646956676096683,-0.7852473529879187,-0.026599444900258683,0.672040974663,-0.8020160987055653,-0.005608306276923311
4450,16093.4,0.664904084330642,-0.7985178579287229,-0.01061093445854571,0.672040974663,-0.8121717882504011,0.009763744638530948
4475,16093.786,0.6649567484848491,-0.8085419543578825,0.007843297551262653,0.672040974663,-0.8196471683226705,0.027740543624514134
4500,16094.179,0.6649719590713157,-0.8147413762938983,0.02725092094814582,0.672040974663,-0.8234975704723432,0.04682511886980378
4525,16094.56,0.6650642806264014,-0.8175517287274342,0.04795574719341918,0.672040974663,-0.8236224427774369,0.06579614162989603
4550,16094.941,0.6654119009858434,-0.8168830722264534,0.06722484345538011,0.672040974663,-0.8200932124329919,0.08468963630335483
4575,16095.34,0.666131257950277,-0.8121912523482124,0.08863591638682171,0.672040974663,-0.8127163602517565,0.10313650351112583
4600,16095.723,0.6669999255568331,-0.8037295804827715,0.10814893248807676,0.672040974663,-0.8023382114620973,0.11913638859399672
4625,16096.11,0.6683158827523235,-0.7949010102467361,0.12433460894273009,0.672040974663,-0.788997422383376,0.13297267980794708
4650,16096.499,0.668013285988551,-0.7863679781258266,0.1357594004586935,0.672040974663,-0.7730382422513826,0.1441239657661635
4675,16096.873,0.6645313970996465,-0.76177826594274,0.14453264827105056,0.672040974663,-0.7559324379362131,0.15173482621068762
4700,16097.253,0.6651022381462173,-0.7435039536440268,0.15230485481291503,0.672040974663,-0.7374600650799441,0.15605764227379915
4725,16097.638,0.6679135338994568,-0.729305137304582,0.1576836653963152,0.672040974663,-0.7182541116157131,0.15679990862084675
4750,16098.027,0.6700636603359909,-0.7146239878703071,0.16087442457813406,0.672040974663,-0.6989703526218656,0.1537794176072967
4775,16098.406,0.6714398738801441,-0.692760962625789,0.15761410143108154,0.672040974663,-0.681408134630256,0.14743586493683064
4800,16098.799,0.6733304229609185,-0.6741227016426736,0.14907243195586042,0.672040974663,-0.6646855409657396,0.13746583634415332
4825,16099.193,0.6754295703089712,-0.6547424617008243,0.13239412972374173,0.672040974663,-0.6498752681896095,0.12407463537207185
4850,16099.591,0.6757703891604216,-0.6390340494351765,0.11565213398540633,0.672040974663,-0.6381485097253391,0.10822284124554044
4875,16099.981,0.6757492785277129,-0.6271641399106399,0.09834261109221987,0.672040974663,-0.6297601332375652,0.09037819552162082
4900,16100.356,0.6757824203471093,-0.6209980833452192,0.08089034885231233,0.672040974663,-0.6251839082391353,0.07222352937931349
4925,16100.748,0.6763583456091324,-0.6203998379088441,0.06214373968906637,0.672040974663,-0.62409436879642,0.05293444976125362
4950,16101.141,0.6752907438208378,-0.6176496423657131,0.04279275724454918,0.672040974663,-0.6268278099580387,0.03340691687743008
4975,16101.522,0.6767601481030652,-0.6271090181065095,0.020988234499930116,0.672040974663,-0.633088388117445,0.015340142993308437
5000,16101.904,0.67442378501612,-0.635276588316812,-0.0014425863145486424,0.672040974663,-0.6425860370520882,-0.001082705796330713
5025,16102.298,0.6714027628533195,-0.6383202057269363,-0.01951527237768427,0.672040974663,-0.6555591713841135,-0.015931747068953936
5050,16102.682,0.6698134086729647,-0.6532135991486465,-0.03690200088539297,0.672040974663,-0.6705584159873338,-0.02754802698060578
5075,16103.057,0.6681118808368909,-0.6680299762634465,-0.047381442469522715,0.672040974663,-0.6874815754991896,-0.03612252228894913
5100,16103.429,0.6669175735906483,-0.6870552592315381,-0.05368441841606337,0.672040974663,-0.7052282277450235,-0.041253927696723536
5125,16103.832,0.6671043819346353,-0.7086305655297793,-0.054925319715981975,0.672040974663,-0.7253659174886752,-0.043024974078531786
5150,16104.227,0.6674757962277689,-0.7297837752018538,-0.05203112867630523,0.672040974663,-0.7447151582195487,-0.040867778643242036
5175,16104.621,0.667487983429575,-0.7492713281762906,-0.04631161770697955,0.672040974663,-0.7637390412453365,-0.03480474987903645
5200,16104.993,0.6672011983940535,-0.7663049981050549,-0.03873534582912315,0.672040974663,-0.7799420555414053,-0.025931344945290133
5225,16105.377,0.666711176116342,-0.7810062297787022,-0.02936894850639446,0.672040974663,-0.7947683341066841,-0.013700193253608717
5250,16105.772,0.6658280243867053,-0.7927679603744527,-0.017783487337504882,0.672040974663,-0.8072588582295896,0.0015570361229181942
5275,16106.172,0.6649374486528299,-0.8022445481984889,-0.0030591114864868926,0.672040974663,-0.8163216754217875,0.018506518484954257
5300,16106.556,0.6644869166011889,-0.8097061920108041,0.014452751944490824,0.672040974663,-0.8220736524895728,0.03736682073388291
5325,16106.928,0.6647631674713459,-0.8151406010163132,0.03486123820201986,0.672040974663,-0.8240055493662336,0.0557391575981686
5350,16107.313,0.6654465250728865,-0.8172160127561644,0.05627077715308601,0.672040974663,-0.8223390574693747,0.07518676751953002
5375,16107.711,0.6666477970703646,-0.8162314296560371,0.08190781862759795,0.672040974663,-0.8168709101313356,0.09407951405949867
5400,16108.126,0.6685026955203358,-0.8109286505622275,0.10681687935306998,0.672040974663,-0.8072330816183828,0.11241342007636568
5425,16108.516,0.6674898697757793,-0.8056134640359863,0.12225544642091213,0.672040974663,-0.7949119897660982,0.12748781242161195
5450,16108.88,0.6660712159082186,-0.7856088367057538,0.13614826245885142,0.672040974663,-0.7809356454218285,0.13918400421865362
5475,16109.247,0.6667927066406092,-0.7780298955127978,0.14618198813114933,0.672040974663,-0.764840592985099,0.14825176438599502
5500,16109.638,0.6664903625013285,-0.761568085549253,0.15467728745853568,0.672040974663,-0.7463786657903244,0.1544326909561539
5525,16110.043,0.6675692845378244,-0.7363410355893181,0.1599527819361273,0.672040974663,-0.7265691758182015,0.15693320094789626
5550,16110.432,0.6709055747303126,-0.7166800818628618,0.16198375262564202,0.672040974663,-0.7068547816140076,0.15548284269761165
5575,16110.834,0.6738011497790293,-0.7023686459045467,0.16308703688407317,0.672040974663,-0.6876710816941445,0.15012841859226575
5600,16111.229,0.6748598432300469,-0.6823053535446851,0.15702137878180178,0.672040974663,-0.6702658929927361,0.14129404633589715
5625,16111.63,0.6753230322007064,-0.6619712683410329,0.1420491986464013,0.672040974663,-0.6543323699826504,0.12869173819571406
5650,16112.014,0.6754856887275528,-0.6463115755128738,0.1225838027025814,0.672040974663,-0.6422700164959316,0.114568587868157
5675,16112.393,0.6749164860280477,-0.6335971721772093,0.10232904098606181,0.672040974663,-0.6326577597707398,0.09763781323566215
5700,16112.793,0.6741125666293102,-0.6237905023167175,0.08407150585214711,0.672040974663,-0.6263876733238382,0.07862877321479853
5725,16113.203,0.6750901966426093,-0.6210972757307551,0.0638108397638677,0.672040974663,-0.6240226788298375,0.058351843299480524
5750,16113.597,0.6755600326593846,-0.6206019263099659,0.04694290800363539,0.672040974663,-0.6256945205474185,0.03870493040243238
5775,16113.997,0.6751199006895443,-0.6260835313430853,0.026522949048983745,0.672040974663,-0.6312822353338852,0.01953605232781503
5800,16114.393,0.6763824421824012,-0.6269499713119596,0.01215474426838855,0.672040974663,-0.6402923477885607,0.002277301429648798
5825,16114.777,0.6778545972814627,-0.6462501759826369,-0.010678508858324451,0.672040974663,-0.6523014037789605,-0.01272943645770068
5850,16115.178,0.6744726930198413,-0.6514526831599847,-0.02675074535109738,0.672040974663,-0.6678250960268216,-0.025756015826830903
5875,16115.569,0.6711189758858753,-0.6640850466086278,-0.04219743212558605,0.672040974663,-0.6849187232175878,-0.03507559298839928
5900,16115.965,0.6684803988900017,-0.6842832955922817,-0.05305723903805259,0.672040974663,-0.7037389529880087,-0.04095736079250399
5925,16116.339,0.6662713296031878,-0.704873793902843,-0.057177385170895136,0.672040974663,-0.7223475050577337,-0.043020253868556804
5950,16116.739,0.6654227096951839,-0.7262174284987282,-0.05567822472844873,0.672040974663,-0.7422448827692618,-0.04135808559210866
5975,16117.127,0.6656504923587377,-0.7473204909725507,-0.04921498700610313,0.672040974663,-0.7609512405663794,-0.03596190296203844
6000,16117.519,0.6662506753409354,-0.7658270504865929,-0.0396917463544091,0.672040974663,-0.778257469678667,-0.027043324436268043
6025,16117.896,0.6669972124373271,-0.7812212842545863,-0.028603185808298456,0.672040974663,-0.7927850578452689,-0.01563174393843801
6050,16118.288,0.6673913001676524,-0.7946518440732291,-0.014724758433842178,0.672040974663,-0.80583711714197,-0.000521740917596436
6075,16118.683,0.6672033355802339,-0.8043854307190222,0.0007635281192403523,0.672040974663,-0.8155266094462705,0.016651202336189184
6100,16119.064,0.6667103440548539,-0.8110554673947631,0.017239456328009266,0.672040974663,-0.8214935378255261,0.034659840912436894
6125,16119.44,0.6663987966584188,-0.8155737542904442,0.03469248700914455,0.672040974663,-0.8239429464661738,0.053221471640527984
6150,16119.85,0.6662311814063369,-0.8171459949284959,0.05716394136474804,0.672040974663,-0.8226127507863765,0.07364231611530549
6175,16120.226,0.6666012521207896,-0.8161160371857693,0.07780869718326204,0.672040974663,-0.8177760814381182,0.0917293381916594
6200,16120.629,0.6675428028559574,-0.8113881870151324,0.10121934792427636,0.672040974663,-0.8088686184653997,0.10987652135841397
6225,16121.013,0.6682184844998449,-0.8091867145041568,0.11955866510156851,0.672040974663,-0.7973489317506053,0.12495007819301913
6250,16121.4,0.6654374515730861,-0.7911416090972472,0.13411662321269338,0.672040974663,-0.7827859827695575,0.13787165417995856
6275,16121.779,0.6658789910858512,-0.772493690108148,0.1475531240231288,0.672040974663,-0.7664485431848791,0.1475154794308674
6300,16122.174,0.6679900184578786,-0.7658971077870945,0.15773097612906803,0.672040974663,-0.7478560938242701,0.15408183823053934
6325,16122.565,0.6688165174335822,-0.7442537258001096,0.1645933549407968,0.672040974663,-0.7285863892627834,0.15686124376416488
6350,16122.942,0.6709726388699646,-0.7205249596129181,0.1653864087149501,0.672040974663,-0.7096379599146654,0.15592726148785468
6375,16123.316,0.6743529843167351,-0.6998719058689405,0.16144708577941083,0.672040974663,-0.6916796491793527,0.15159435681191363
6400,16123.699,0.6764352343844694,-0.6817395737591709,0.1539238123513273,0.672040974663,-0.6743900832981274,0.14378499004553252
6425,16124.083,0.6769338743261286,-0.6609879501685416,0.1406262532149613,0.672040974663,-0.6584701444204955,0.1324915285287201
6450,16124.457,0.6773353501658839,-0.6476879516810274,0.1282237550079203,0.672040974663,-0.6457269703457587,0.1191855338655608
6475,16124.868,0.6774960998409362,-0.6365011575005008,0.11650909883209012,0.672040974663,-0.6346778459303447,0.10190157371664353
6500,16125.258,0.6784219679468244,-0.6339940137737939,0.0997854846793565,0.672040974663,-0.6276105669341976,0.08354700821580367
6525,16125.644,0.6766524663368223,-0.6308232704536917,0.07570883182491069,0.672040974663,-0.6243058910126263,0.06461294566035736
6550,16126.034,0.6729861016960994,-0.6278456701179337,0.049707898065108745,0.672040974663,-0.6247197493214474,0.045098452374700386
6575,16126.423,0.6707969187818014,-0.6227826269470728,0.02885077701591895,0.672040974663,-0.6288856692716585,0.0261312040943325
6600,16126.82,0.6719898071503891,-0.6313161662803224,0.006965334188434682,0.672040974663,-0.636785262346987,0.008064863281829954
6625,16127.196,0.6716926935970154,-0.6326674091708028,-0.00924353540244594,0.672040974663,-0.647525927963007,-0.007452418778895728
6650,16127.589,0.6731463229514839,-0.6455270874833191,-0.025076737290317102,0.672040974663,-0.6616138082558665,-0.02117714595243407
6675,16127.964,0.6734541774524808,-0.6614987886246085,-0.035379793252617024,0.672040974663,-0.6769644471880797,-0.031274857132359626
6700,16128.365,0.6725656839787593,-0.67949358910089,-0.04236679707727611,0.672040974663,-0.6954809324675556,-0.03887731459434951
6725,16128.766,0.6714354773679858,-0.7021858884635079,-0.04696778438751662,0.672040974663,-0.7152899979868669,-0.04265293865027808
6750,16129.159,0.6699255556383947,-0.7229172166363476,-0.048431453817766264,0.672040974663,-0.7350066316325723,-0.04242799690158017
6775,16129.551,0.6678269034798878,-0.7422174598160404,-0.047390099109321855,0.672040974663,-0.7541051703779287,-0.03839903367372781
6800,16129.935,0.6661569257124037,-0.7591726617371177,-0.043672307753815864,0.672040974663,-0.7717499872023975,-0.03090441108118215
6825,16130.325,0.6649748164880326,-0.7744656699100575,-0.03637816997930897,0.672040974663,-0.787871582222637,-0.01998924809519252
6850,16130.715,0.6646698681734452,-0.787743277469096,-0.02545386191060032,0.672040974663,-0.8014145924225753,-0.00635082873939713
6875,16131.106,0.6648328943190709,-0.7986989337999614,-0.010370296147471678,0.672040974663,-0.8123338329134914,0.010067649515739033
6900,16131.5,0.6656524962909051,-0.808458003600208,0.008960631946639895,0.672040974663,-0.819819195489681,0.028309513132493
6925,16131.868,0.6668007728451903,-0.8150919357551788,0.029584552395893728,0.672040974663,-0.8234556221919294,0.04642170207353536
6950,16132.269,0.6679391445057228,-0.8192314194335707,0.05323457614061735,0.672040974663,-0.8235775680033016,0.06628850823617818
6975,16132.659,0.6689887274588411,-0.8190998879176392,0.07851624503522449,0.672040974663,-0.8198556882408952,0.08549994651059019
7000,16133.052,0.6692348735883057,-0.8205144418988595,0.09743637872034129,0.672040974663,-0.8124636904764801,0.10361872457622637
7025,16133.428,0.6677025921182994,-0.8087052753120375,0.1137652930416003,0.672040974663,-0.8021236272238712,0.11940577725732879
7050,16133.83,0.6666877548317813,-0.803808559253397,0.12814500752296035,0.672040974663,-0.7881233581730782,0.13371137242396974
7075,16134.236,0.6637639079764787,-0.7796606671079601,0.1414606341029662,0.672040974663,-0.7712462545874812,0.14510795666061646
7100,16134.615,0.6654123566479996,-0.762558975901894,0.15216760937493348,0.672040974663,-0.7539407341554454,0.1523825143531125
7125,16135.014,0.668434266808082,-0.7538786313724348,0.16203240904357086,0.672040974663,-0.7343878134958545,0.15642624244211645
7150,16135.386,0.6698990654903527,-0.7328030642065236,0.16732255608801502,0.672040974663,-0.7159153916453495,0.15663747305183492
7175,16135.786,0.6723234162538342,-0.7078542760926955,0.16632451671915557,0.672040974663,-0.6962270818421689,0.15302803491544878
7200,16136.187,0.6761161614804372,-0.6862543295280277,0.15924868721520913,0.672040974663,-0.6776963466403363,0.14559296288771273
7225,16136.587,0.6780366350871325,-0.6670320042227809,0.14690920658000767,0.672040974663,-0.6610509504309235,0.13465609929951108
7250,16136.95,0.6775003427490329,-0.6501713037851705,0.13165322024644577,0.672040974663,-0.6479966678707256,0.1219389922927545
7275,16137.361,0.6768451162890627,-0.6368096517772691,0.11187338131600134,0.672040974663,-0.6362658824921184,0.10492867696921071
7300,16137.744,0.6763553499916296,-0.6290659458607649,0.0974612355912477,0.672040974663,-0.6287715064410379,0.08744609509066467
7325,16138.134,0.676965239323039,-0.6244045935767814,0.08471432316167835,0.672040974663,-0.6246705093840242,0.0684137953834382
7350,16138.528,0.6794492228853173,-0.6299174927189393,0.06366187987933661,0.672040974663,-0.6243595619850552,0.0486485686048861
7375,16138.934,0.6764673657245339,-0.6307711330464714,0.03799063450674381,0.672040974663,-0.6280544823290183,0.02882429112973357
7400,16139.342,0.671636035658727,-0.6309427228929321,0.013468979248306112,0.672040974663,-0.6356750229295374,0.010100228684572964
7425,16139.735,0.671500004123739,-0.6354312764221076,-0.006665657311730787,0.672040974663,-0.6466198606846942,-0.006360980396348512
7450,16140.111,0.6725774061328458,-0.6492823761753455,-0.024723862045359174,0.672040974663,-0.6595510013446627,-0.019484378611388478
7475,16140.513,0.6710967641753033,-0.6604950927421245,-0.03701475817378101,0.672040974663,-0.6764635345928706,-0.03100594659226104
7500,16140.902,0.6706851062426483,-0.6771372300167409,-0.04506804557702613,0.672040974663,-0.6941720017417177,-0.03847788068179692
7525,16141.294,0.6713333692285824,-0.6979045300632558,-0.04863254184878757,0.672040974663,-0.7134799414611223,-0.04247784379426546
7550,16141.672,0.6709677002128601,-0.7179148008521332,-0.04879695387693151,0.672040974663,-0.7322011893199941,-0.0426983354756999
7575,16142.068,0.6696245271732211,-0.7388348141802525,-0.04620913612268818,0.672040974663,-0.7516460368818203,-0.03914041737801144
7600,16142.464,0.6683780804039072,-0.7575502675052788,-0.04143321842212339,0.672040974663,-0.7701442339294062,-0.03175794447904676
7625,16142.85,0.6668790866292839,-0.7749643065579855,-0.033707162070114365,0.672040974663,-0.7863444222833238,-0.021231331253194943
7650,16143.247,0.6654435047698983,-0.7888097740520927,-0.02333090408015482,0.672040974663,-0.800573038310148,-0.00736585816908647
7675,16143.651,0.664732381280633,-0.800121973333454,-0.00978669277869848,0.672040974663,-0.8118276785102984,0.00912661032847989
7700,16144.042,0.6646831980787838,-0.8091395940755749,0.007378374416003593,0.672040974663,-0.8194330355716374,0.027048807542461993
7725,16144.414,0.6653861993608597,-0.8154024679870987,0.026433631033179122,0.672040974663,-0.8233372797020742,0.045359750056293585
7750,16144.82,0.6665815716751673,-0.8187976149813175,0.04987354729190142,0.672040974663,-0.8236419832348805,0.06557287226073119
7775,16145.204,0.6681152026035982,-0.8193121209386663,0.0740554094426989,0.672040974663,-0.8202235767331416,0.08423378849347248
7800,16145.606,0.670260666266682,-0.8187790512862239,0.09804030044036169,0.672040974663,-0.8127736002173104,0.10302636690654965
7825,16146.015,0.6678621830230884,-0.808255679961405,0.1164250765032182,0.672040974663,-0.8015386385728694,0.12013063381447482
7850,16146.403,0.6675362322941261,-0.7947604342742094,0.13302889612369212,0.672040974663,-0.7879839831844967,0.13382758646718357
7875,16146.787,0.6684984771531751,-0.7891304218721328,0.14597991615694605,0.672040974663,-0.7719222520133436,0.14474235573392924
7900,16147.188,0.6665683548903882,-0.7681391947470848,0.15607859390651344,0.672040974663,-0.753528763367367,0.15251075444954437
7925,16147.577,0.6678801322929884,-0.7459142385139506,0.1623921609543457,0.672040974663,-0.7346548574093603,0.15639802451475684
7950,16147.968,0.6724511938688023,-0.7275516504692378,0.16550619394980903,0.672040974663,-0.7149873460369408,0.15655772282329694
7975,16148.349,0.6756842016943133,-0.7066452624880425,0.16369102545538985,0.672040974663,-0.6963409645028386,0.15306090236211062
8000,16148.744,0.6767323461397592,-0.6844318896549043,0.1572250988546782,0.672040974663,-0.6779788856324582,0.14574004602897217
8025,16149.14,0.6771952918512546,-0.6654817186564026,0.14632138043812634,0.672040974663,-0.6614936583946167,0.1350128008070744
8050,16149.515,0.6771391979267284,-0.652731929750101,0.13311018019882645,0.672040974663,-0.6480412122616745,0.12199107162024268
8075,16149.898,0.6760309045596904,-0.6424670409187008,0.1167796766704327,0.672040974663,-0.636979667195077,0.10621205341860165
8100,16150.296,0.6752854497122232,-0.63527593657742,0.09531439597208953,0.672040974663,-0.6290241841621091,0.08822464680046567
8125,16150.683,0.6745835450937778,-0.6298050401574934,0.07910596591165402,0.672040974663,-0.6247675410063201,0.0692265522103462
8150,16151.07,0.6761532527594707,-0.6270330036822829,0.06860512405007804,0.672040974663,-0.6242620750990536,0.049913339299953
8175,16151.484,0.679494033143347,-0.6344108565832863,0.04391202084568221,0.672040974663,-0.6278273519552401,0.02961067563420143
8200,16151.867,0.6762271982391871,-0.6334951116026022,0.019381046976993888,0.672040974663,-0.6347245602344179,0.011937424218383175
8225,16152.273,0.6714921740884088,-0.6320939911981479,-0.005146634233745337,0.672040974663,-0.6457604875562728,-0.005295933485791715
8250,16152.66,0.6722993415811074,-0.6411430280902586,-0.024372140089685034,0.672040974663,-0.6587378024192703,-0.018791230330304526
8275,16153.067,0.6726032205956632,-0.6575964375793938,-0.038608665546122536,0.672040974663,-0.675788855004263,-0.030637919405651762
8300,16153.446,0.6705777028356745,-0.6741029197701125,-0.046663023592600585,0.672040974663,-0.6932014424342416,-0.03816899480339091
8325,16153.859,0.6702871622531044,-0.6972683518319615,-0.049569094772128175,0.672040974663,-0.7134117944457415,-0.042470602011934824
8350,16154.267,0.6704844618584714,-0.7224644502629174,-0.047806238209188626,0.672040974663,-0.7337762585662175,-0.04255638536762879
8375,16154.654,0.6682411672084143,-0.7425567804338719,-0.042307431557928404,0.672040974663,-0.7525879445657669,-0.03886458385236362
8400,16155.044,0.6664462884992073,-0.7562518762638675,-0.04009196835565594,0.672040974663,-0.7708361676695954,-0.031394738160132524
8425,16155.433,0.6662952982734474,-0.7724361509115145,-0.038173720282232836,0.672040974663,-0.7868758607663762,-0.020804749814470863
8450,16155.83,0.6648923786068245,-0.7858536312556886,-0.027664822806764494,0.672040974663,-0.8011052843057369,-0.0067270691708456315
8475,16156.228,0.6644816569916183,-0.7964970735746697,-0.013227549243711823,0.672040974663,-0.8120806881065932,0.009593991411792749
8500,16156.631,0.6653786810778339,-0.8082513200427538,0.007861003983896239,0.672040974663,-0.8198085684511881,0.028274007977034724
8525,16157.011,0.6664284959338309,-0.8165132123624228,0.03100023969272544,0.672040974663,-0.8234778493342259,0.04663347735325224
8550,16157.388,0.6676644971242076,-0.8213924585539563,0.05466836751614481,0.672040974663,-0.8236392697413398,0.06560422433657499
8575,16157.765,0.6692782651746585,-0.8223904510845828,0.07939324449349666,0.672040974663,-0.8202558299940971,0.08411973036527022
8600,16158.166,0.6677392688982569,-0.8200783367855171,0.09845426455608484,0.672040974663,-0.8128740445209329,0.10283228806288425
8625,16158.562,0.6673181371676717,-0.809354007685789,0.11647513866408175,0.672040974663,-0.8020843129774798,0.11945492654774892
8650,16158.914,0.6660543741861514,-0.8050966907456099,0.12911424794375248,0.672040974663,-0.790049597965765,0.13206033161864286
8675,16159.297,0.6648252563354698,-0.7835697472943189,0.14172023597829553,0.672040974663,-0.7745064334906071,0.1432816936871239
8700,16159.684,0.6676655887186085,-0.765979227293917,0.15313805866329186,0.672040974663,-0.7568243494704173,0.15142973110175806
8725,16160.072,0.6701050231945964,-0.755998160446861,0.16206026178244193,0.672040974663,-0.7380965998169781,0.1559691790406246
8750,16160.477,0.671470603675247,-0.7302637888202885,0.166889809155886,0.672040974663,-0.7179473029790666,0.15678173716027166
8775,16160.86,0.674423819844216,-0.7079006902126316,0.16618063089875737,0.672040974663,-0.6989148376511463,0.15376504058734813
8800,16161.264,0.6772018213439097,-0.6890625439182737,0.16054579410007266,0.672040974663,-0.680453952813041,0.14698033439413577
8825,16161.646,0.6779050452278624,-0.6706584640540662,0.14998262397651194,0.672040974663,-0.6638377096924616,0.13683405066238818
8850,16162.039,0.6769785156890922,-0.6534396172231205,0.13463693192277815,0.672040974663,-0.6493358900726294,0.12347390587175472
8875,16162.405,0.6759793726738661,-0.6426340975390293,0.11849672276825055,0.672040974663,-0.6385055998556439,0.10881635090516309
8900,16162.799,0.6756601525676462,-0.6354057814279308,0.09760206225095887,0.672040974663,-0.6300792786231721,0.09126517659987735
8925,16163.2,0.6751884186299344,-0.6295727692584033,0.08130795994380045,0.672040974663,-0.62509306473852,0.07162301627656456
8950,16163.611,0.6765711404670738,-0.6258704301790337,0.07049820628698629,0.672040974663,-0.6241777587954059,0.0512291617910125
8975,16164.011,0.680308703226235,-0.6340071150946703,0.04803425958124797,0.672040974663,-0.6273075271655002,0.031509298882665446
9000,16164.404,0.6771133910040635,-0.634285141668161,0.02180666704366318,0.672040974663,-0.6341825170868658,0.01302874816863199
9025,16164.799,0.6720008291776796,-0.6343675535113638,-0.0028035314098318986,0.672040974663,-0.6445500852878008,-0.0037435435862774313
9050,16165.198,0.6722402455574523,-0.6405769717897223,-0.022285490296414214,0.672040974663,-0.6580071446136363,-0.018155475983087144
9075,16165.602,0.6727388368412787,-0.6578590004029186,-0.037917756167647164,0.672040974663,-0.6744641755982496,-0.029895547731997818
9100,16165.996,0.6706598426989266,-0.6724272260750415,-0.04616103671400364,0.672040974663,-0.6925186704342117,-0.0379451498408437
9125,16166.386,0.6699916466204581,-0.6952405417008826,-0.04991304350183341,0.672040974663,-0.7115557520665675,-0.042255167221174464
9150,16166.791,0.6703652081455933,-0.7197809823030222,-0.04844078533217258,0.672040974663,-0.7317655186735826,-0.042733170552131716
9175,16167.191,0.6685289840429773,-0.7415732190317279,-0.042628767827100095,0.672040974663,-0.7513219432780842,-0.03923301133047098
9200,16167.593,0.667640040348056,-0.7567088401141512,-0.04085550068634993,0.672040974663,-0.7698893523401548,-0.031890003506957254
9225,16167.982,0.6670893701287823,-0.7745307425864564,-0.03527982677373716,0.672040974663,-0.7860412848985463,-0.02147200550209377
9250,16168.369,0.6657268493631139,-0.7865849716267884,-0.025683043971151964,0.672040974663,-0.8000967986230727,-0.007928399599846675
9275,16168.756,0.6650023862379394,-0.797782829217689,-0.012141241216836973,0.672040974663,-0.8112047015247499,0.008000375917674968
9300,16169.171,0.6652534766975886,-0.8087280336600482,0.007454275012323448,0.672040974663,-0.819421941324055,0.027013445589906065
9325,16169.561,0.6658383925300729,-0.8159654619840363,0.028599181941198287,0.672040974663,-0.8234174993169757,0.04606815958231579
9350,16169.94,0.6669023853042253,-0.8206586503021709,0.05196576538208156,0.672040974663,-0.8236987666324281,0.06488816268324885
9375,16170.333,0.6683980699621377,-0.8208033153281877,0.07627865766967784,0.672040974663,-0.8202200478513245,0.08424623652276086
9400,16170.722,0.6690043667899962,-0.8225001729068719,0.09756923198122393,0.672040974663,-0.8134487089356962,0.10170139929096766
9425,16171.144,0.6669219851292887,-0.8068439485309093,0.11754682478534181,0.672040974663,-0.8016881598784439,0.11994667328259757
9450,16171.534,0.6677407671064913,-0.8013444566723651,0.1334066776645963,0.672040974663,-0.7880124648445264,0.13380387265152258
9475,16171.939,0.6669264145229459,-0.7832476466968896,0.1467522811691379,0.672040974663,-0.7712511835545413,0.14510531517061856
9500,16172.335,0.6684637786790497,-0.7624969664812243,0.15640938950429964,0.672040974663,-0.7527989626910585,0.15273315814092786
9525,16172.75,0.6729570453657507,-0.743205944506646,0.16410104297941913,0.672040974663,-0.7327011405905669,0.15658774715018597
9550,16173.136,0.6745762117754632,-0.7284544942691159,0.16880873752775344,0.672040974663,-0.7132330964224346,0.15638313709427995
9575,16173.528,0.6745756375867699,-0.7033534276923153,0.1669815458787664,0.672040974663,-0.6941736636421504,0.15241014941481812
9600,16173.909,0.6759882694664456,-0.6842893401987289,0.15951072785382078,0.672040974663,-0.6765970788080711,0.145009746686872
9625,16174.312,0.6772727351492129,-0.6680232128972647,0.1464401037363183,0.672040974663,-0.659897015222694,0.1337065484667029
9650,16174.715,0.6763793372700723,-0.6523120456027685,0.12981874503782656,0.672040974663,-0.6459290493586571,0.11943894976210126
9675,16175.108,0.6753421690661288,-0.6389960944280335,0.1096548286754665,0.672040974663,-0.6353962276303122,0.10330219478749503
9700,16175.502,0.6750848200833922,-0.6305235661430506,0.09385377124906018,0.672040974663,-0.6279709745283262,0.08482112835488048
9725,16175.882,0.67691367269805,-0.6263772221987874,0.08120952433443869,0.672040974663,-0.6244158853804096,0.0659324823221302
9750,16176.28,0.6794538594099193,-0.6304985156796381,0.061636830530196654,0.672040974663,-0.6245504146788277,0.046613124398613384
9775,16176.667,0.6772873674960885,-0.6302662893892345,0.037792284150838476,0.672040974663,-0.6285748784478936,0.027107025570638075
9800,16177.069,0.6728902402454313,-0.6316525530695236,0.01225736013379329,0.672040974663,-0.6363852246362456,0.008785380105861572
9825,16177.463,0.6724343955584525,-0.631460064921015,-0.004862324591647742,0.672040974663,-0.6475426001280294,-0.007472209298616944
9850,16177.846,0.6749232320078946,-0.6489018883474977,-0.02325231868277516,0.672040974663,-0.6610884501074956,-0.020754725851978184
9875,16178.235,0.6726775890262108,-0.6624689743417643,-0.03630698290626881,0.672040974663,-0.6773406698090838,-0.03147442565088271
9900,16178.62,0.6708097433291234,-0.6778687154351504,-0.044314334566033745,0.672040974663,-0.6951704331872762,-0.03878433211740086
9925,16179.034,0.6705213632073314,-0.7016077047223248,-0.048560072752646864,0.672040974663,-0.7155150361626433,-0.04267238793684114
9950,16179.407,0.6697844726897234,-0.7234971874812961,-0.04843409543944876,0.672040974663,-0.7341871399495337,-0.042515221010393955
9975,16179.809,0.6687143702094684,-0.7423807143741121,-0.04586199270643839,0.672040974663,-0.7537959133727299,-0.03849606793988658
10000,16180.209,0.667673856012408,-0.7619672772959883,-0.03999575174374886,0.672040974663,-0.7720799335090732,-0.030724358633773347
10025,16180.611,0.6666248643089345,-0.7772835058345599,-0.031825560385727376,0.672040974663,-0.7885431564514839,-0.01942698134862754
10050,16181.009,0.665810959421691,-0.7914129544513967,-0.020071729012746002,0.672040974663,-0.802433768635913,-0.005084061969497226
10075,16181.385,0.6656468525879546,-0.8020971447029472,-0.006442962717814004,0.672040974663,-0.8127412106988653,0.010843019865396451
10100,16181.784,0.6657968908398122,-0.8103745802252603,0.01059725695345395,0.672040974663,-0.8200665118848285,0.029149745505110552
10125,16182.185,0.6662781368503032,-0.8165762632201704,0.03263226629525294,0.672040974663,-0.8236981853925265,0.04903627614843589
10150,16182.582,0.6670949509067622,-0.8200133071641837,0.05602302940883901,0.672040974663,-0.8233162598325308,0.06875049370783862
10175,16182.961,0.6682919364929656,-0.8197588701709803,0.07854419993991041,0.672040974663,-0.8193035928974292,0.08729271045020855
10200,16183.346,0.6693294225322101,-0.8214177887337044,0.09946536497445531,0.672040974663,-0.8117415561490758,0.10496288894440382
10225,16183.74,0.6668362791588507,-0.8066549623164501,0.11717011694389634,0.672040974663,-0.8006182265654173,0.12124379125619685
10250,16184.138,0.6674488849269835,-0.7992208847261049,0.1349245468341316,0.672040974663,-0.7865165174381071,0.13502559232868297
10275,16184.543,0.6665452044804903,-0.7832820202415994,0.14835918945256157,0.672040974663,-0.7695400921916442,0.1460012079993115
10300,16184.92,0.667860445961868,-0.7628694631332982,0.15801488287507534,0.672040974663,-0.7521456747162164,0.1529270999032778
10325,16185.317,0.6717072130787073,-0.7441830104316192,0.16444851140162858,0.672040974663,-0.7325203432875061,0.15660334928107061
10350,16185.715,0.6751656921707053,-0.7225027748556896,0.16662153076434094,0.672040974663,-0.7126552010759145,0.15631877451378678
10375,16186.1,0.6766988787271674,-0.7011417677063225,0.16408035447568362,0.672040974663,-0.6940005108291382,0.1523558429269173
10400,16186.488,0.6774151352521752,-0.6814047178976749,0.1574312977234881,0.672040974663,-0.6759543391561553,0.14466056097008373
10425,16186.874,0.6775459681113869,-0.6650538417058341,0.14587006102053657,0.672040974663,-0.6601417826951936,0.13391038815105819
10450,16187.26,0.6766811370520928,-0.6530860729813578,0.13192615238128766,0.672040974663,-0.6466326998623733,0.12030841735305418
10475,16187.655,0.6753148572057632,-0.6422560007245501,0.1135916943501912,0.672040974663,-0.6355909349382685,0.1036726765959112
10500,16188.048,0.6744959343362575,-0.6347480771650896,0.09434700676651635,0.672040974663,-0.6282165253463404,0.08565422238424793
10525,16188.433,0.6739646911311366,-0.6305560930492111,0.07405468527919917,0.672040974663,-0.6244975186554279,0.06679716542847895
10550,16188.832,0.6749782429213909,-0.6260431827030078,0.06186616733528072,0.672040974663,-0.6245280282527752,0.04683050540886339
10575,16189.229,0.6790134018428992,-0.6326948322038886,0.04122211328713665,0.672040974663,-0.6284802531688778,0.027411176501962037
10600,16189.628,0.6777539229077374,-0.6355815706705394,0.01724464517178993,0.672040974663,-0.6362082601736363,0.009108642097696129
10625,16190.01,0.6745272449006587,-0.6368632944102134,-0.002988108885386323,0.672040974663,-0.6468266389974804,-0.006612850477960383
10650,16190.384,0.6748151696988677,-0.6418421137092942,-0.019735159017961915,0.672040974663,-0.6601076296118122,-0.019950275878835202
10675,16190.776,0.6751271863707631,-0.6603485152564653,-0.03584124279286837,0.672040974663,-0.6761347454270155,-0.03082743764460083
10700,16191.163,0.6719574430735533,-0.6756563997593547,-0.04549740433461694,0.672040974663,-0.6938151344959521,-0.03836557071394854
10725,16191.555,0.6692123205828738,-0.6964703827530574,-0.05114761640044433,0.672040974663,-0.713356517207689,-0.04246469316733707
10750,16191.922,0.6682824242099195,-0.7180163813558602,-0.05144271545858362,0.672040974663,-0.7315790067533164,-0.042747497945026414
10775,16192.295,0.667521698332476,-0.7398418962798804,-0.047905012127095616,0.672040974663,-0.7500333023843395,-0.03958953804380895
10800,16192.685,0.6668296834952088,-0.75892678066821,-0.041439580822650285,0.672040974663,-0.7680699105698547,-0.0328060315881637
10825,16193.075,0.6663447744419394,-0.775359555279445,-0.03254681389204625,0.672040974663,-0.7845899475701694,-0.022598202540545162
